 SR NO.,CUSTOMER NAME,MATERIAL TYPE,PART SIZE,CUSTOMER PART CODE,UOM,RECIVED QTY,DISPATCH QTY,BALANCE QTY,STOCK IN KG PER PIC,STOCK IN KG ,,
1,ADARSH,VCI BAG,400 X 400,1580 pcs dump,PCS,1580,,1580,0.015,23.7,,
2,ASK,LD BAG,110 X 440 300,,PCS,9000,9000,0,0.007,0,,
3,ASK,LD BAG SUZUKI,10 X 14 X 300,PKPOPOL2070406,PCS,23375,23000,375,0.015,5.625,,
4,ASK,LD BAG,110 X 1050 x 300,PKPOPOL2070307,PCS,31750,26650,5100,0.016,81.6,,
5,B PACK,VCI BAG,300 X 460,,PCS,2350,2350,0,0.019,0,,
6,B PACK,VCI BAG,250 X 360,,PCS,700,0,700,0.013,9.1,,
7,B PACK,VCI BAG,330 X 250 80 MIC,,PCS,47850,20140,27710,0.00132,36.5772,,
8,B PACK,VCI BAG,230 X 320,,PCS,1980,1980,0,0.01,0,,
9,B PACK,VCI BAG,400 X 600 X 240,,PCS,16530,16530,0,0.0027,0,,
10,B PACK,VCI BAG,130 X 150 X 240,,PCS,12000,,12000,0.002,24,,
11,B PACK,VCI BAG,460 X 620 X 280,,PCS,2320,0,2320,1,2320,,
12,B PACK,VCI BAG,460 X 620,,PCS,0,0,0,0.0386,0,,
13,B PACK,VCI BAG,130 X 200,8930 pcs. DUMP,PCS,8930,,8930,0.004,35.72,,
14,B PACK,VCI BAG,400 X 550 X 280,,PCS,2380,,2380,0.0301,71.638,,
15,B PACK,LD BAG,,,KGS,0,0,0,1,0,,
16,B PACK,VCI BAG,100 X 160 X 400,,PCS,8000,8000,0,0.003,0,,
17,B PACK,VCI BAG,14 X 16 75 MIC,,PCS,2600,,2600,0.0258,67.08,,
18,B PACK,VCI BAG,8 X 10 70 MIC,,PCS,6940,,6940,0.007579,52.59826,,
19,B PACK,VCI BAG,10 X 12 80 MIC,,PCS,3770,,3770,0.002322,8.75394,,
20,BAJAJ,VCI SHEET,1080 X 919 80 MIC,70000147,PCS,6380,2700,3680,0.0752,276.736,ok,
21,BAJAJ,VCI SHEET,1000 X 920 80 MIC,70000148,PCS,7298,3000,4298,0.0138,59.3124,ok,
22,BAJAJ,VCI BLUE PRINT BAG,110 X 350 80 MIC,70000411,PCS,91600,70000,21600,0.0006,12.96,ok,
23,BAJAJ,VCI BAG,400 X 350 X 320,DUMP,PCS,1600,1000,600,0.027,16.2,ok,
24,BAJAJ,VCI BAG,340 X 430,,PCS,400,,400,0.028,11.2,,
25,BAJAJ,VCI BAG,250 X 300 X 280,70000193,PCS,3000,,3000,0.0105,31.5,ok,
26,BAJAJ,VCI BAG,1150 X 750 X 750,,PCS,0,0,0,0.366,0,ok,
27,BAJAJ,VCI BAG,260 X 400,,PCS,27900,27900,0,,,,
28,BALAJI,VCI BAG,7 X 9,,PCS,2450,2450,0,0.007,0,ok,
29,BALAJI,VCI BAG,8 X 10 90 MIC,,KGS,105.6,105.6,0,1,0,ok,
30,BALAJI,LD BAG,8 X 12 90 MIC,,PCS,2000,2000,0,0.012,0,,
31,BALAJI,VCI BLUE PLAIN,5 X 5 X 360,,KGS,62,62,0,1,0,,
32,BALAJI,VCI BLUE PLAIN,6 X 11 X 360,,KGS,93.1,93.1,0,1,0,,
33,BALAJI,VCI BLUE PLAIN,25 X 25 X 360,,KGS,738,738,0,1,0,,
34,BALAJI,VCI BLUE PLAIN,5 X 20 X 360,,KGS,138.6,138.6,0,1,0,,
35,BALAJI,VCI BLUE PLAIN,7 X 16 X 360,,KGS,144.2,144.2,0,1,0,,
36,BALAJI,VCI BLUE PLAIN,6 X 8 X 360,,KGS,92.2,92.2,0,1,0,,
37,BALAJI,VCI BLUE PLAIN,15 X 15 X 360,,KGS,291.7,291.7,0,1,0,,
38,BALAJI,VCI BLUE PLAIN,4 X 4 X 360,,KGS,209.6,47.2,162.4,1,162.4,,
39,BALAJI,VCI BLUE PLAIN,6 X 15 X 360,,KGS,145.6,145.6,0,1,0,,
,BALAJI,VCI BLUE PLAIN,4 X 16 X 360,,KGS,101.2,101.2,0,,,,
40,BANCO,LD BAG,190 X 490,,PCS,11670,10000,1670,0.013,21.71,,
41,BAXY,VCI BAG BLUE PRINTED,13 X 14 X 75,3N00000PB19,PCS,34515,15000,19515,0.017,331.755,ok,
42,BAXY,VCI BAG,7 X 12 X 300,,PCS,4300,,4300,0.0008,3.44,ok,
43,BAXY,VCI BAG NATURAL,10 X 16,3N00000PB02,PCS,111000,111000,0,0.016,0,ok,
44,BAXY,VCI BAG,11 X 37,3N00000PB21,PCS,23280,4000,19280,0.0381,734.568,ok,
45,BAXY,VCI BAG,6 X 30,,PCS,0,,0,0.016,0,,
46,BAXY,VCI BAG,300 X 100 X 100 X 320,,PCS,0,0,0,0.042,0,,
47,BAXY,VCI BAG,800 x 950 75 mic,3N00000PB34,PCS,8153,6000,2153,0.0107,23.0371,ok,
48,BAXY,VCI BAG,150 X 350 ,,PCS,0,0,0,0.007,0,,
49,BAXY,VCI BAG,333 X 333,,PCS,0,,0,0.0016,0,,
50,BAXY,VCI BAG,800 X 1500,3N00000PB30,PCS,3500,1000,2500,0.173053,432.6325,ok,
51,BAXY,VCI BAG,8 X 1500,,PCS,0,0,0,0.042,0,,
52,BAXY,VCI BAG,600 X 950 X 300,,PCS,3020,1200,1820,0.008,14.56,ok,
53,BAXY,VCI BAG,600 X 980,,PCS,0,,0,0.083,0,,
54,BAXY,VCI BAG,10 X 12,,PCS,26225,26225,0,0.0011,0,ok,
55,BAXY,VCI BAG BLUE PRINTED,10.5 X 16 X 300,3N00000PB02,PCS,46810,20000,26810,0.0159,426.279,ok,
56,BAXY,VCI NATURAL,10.5 X 16,,PCS,38000,15000,23000,,,,
57,BAXY,VCI BAG,16 X 25 X 300,,PCS,2600,,2600,0.0036,9.36,ok,
58,BAXY,VCI BAG,9 X 11 X 600,,PCS,18605,7000,11605,0.009,104.445,,
59,BAXY,VCI BAG,16 X 18 X 300,3N00000PB20,PCS,25518,4000,21518,0.026,559.468,ok,
60,BAXY,VCI BAG,700 X 800 75 MIC,3N00123VC01,PCS,21980,5700,16280,0.079,1286.12,ok,
61,BAXY,VCI BAG,17 X 32 X 300,3N00000PB23,PCS,34105,22740,11365,0.0508,577.342,ok,
62,BAXY,VCI BAG,13 X 25 X 300,3N00000PB15,PCS,34182,24900,9282,0.003,27.846,ok,
63,BAXY,VCI BAG,14 X 28 X 300,,PCS,24590,13500,11090,0.0036,39.924,ok,
64,BAXY,VCI BLUE,7 X 30 X 300,,PCS,16495,7500,8995,0.019872,178.74864,,
65,BAXY,VCI BLUE PRINT,10 X 20 300,3N00000PB29,PCS,19000,,19000,0.019073,362.387,,
,BAXY,,650 X 900 X 300,,PCS,1025,500,525,,,,
66,BROTHERS PACKAGING,VCI YELLOW PRINT,10 X 12 X 400,,PCS,50970,50970,0,,,,
67,BROTHERS PACKAGING,VCI YELLOW PRINT,16 X 18.5 X 400,,PCS,116315,116315,0,,,,
68,beejapur,bio,8 x 10,,PCS,36180,,36180,0.0032,115.776,,
70,beejapur,bio,6 X 8,,PCS,135000,,135000,0.0018,243,,
71,beejapur,bio,9 X 12,,PCS,49000,,49000,0.0047,230.3,,
72,beejapur,bio,8 X 12,,PCS,12000,,12000,,,,
72,BHAGWAN AUTO,VCI BAG,5.5 X 6.5 55 MIC ( YELLOW),,PCS,390630,390630,0,0.002497,0,ok,
73,BHAGWAN AUTO,VCI BLUE PLAIN BAG,5.5 X 6.5 55 MIC ( BLUE),,PCS,625000,625000,0,0.002483,0,ok,
74,BHAGWAN AUTO,VCI BLUE PLAIN BAG,3 X 4 55 MIC,,PCS,259350,28000,231350,0.000838,193.8713,ok,
75,BHAGWAN AUTO,VCI BLUE PLAIN BAG,3.5 X 4.5 X 220,,PCS,149000,27000,122000,0.0011,134.2,ok,
76,BHAGWAN AUTO,VCI BAG BLUE PLAIN,3 X 8 220,,PCS,41000,41000,0,0.002,0,ok,
77,BHAGWAN AUTO,VCI BLUE PRINTED BAG,6.5 X 7.5 X 220,,PCS,98570,98570,0,0.003,0,ok,
78,BHAGWAN AUTO,VCI SHEET,350 X 250,1900 pcs. dump,PCS,0,0,0,0.009,0,ok,
79,BHAGWAN AUTO,VCI BLUE BAG,60 X 70 55 MIC,,PCS,441300,358500,82800,0.0063,521.64,ok,
80,BHAGWAN AUTO,VCI SHEET,450 X 450 X 220,,PCS,19550,19550,0,0.03044,0,ok,
81,BOSCH,VCI BAG,170 X 350 80 MIC,6000.153.676,PCS,13820,,13820,0.009633,133.12806,,
82,BOSCH,VCI BAG GREEN,302 X 402 52 MIC,6000.803.322,PCS,6665,6665,0,0.0012,0,,
83,BOSCH,VCI GREEN,302 X 402 X 320,,PCS,67175,20000,47175,,,,
84,BOSCH,VCI BAG,120 X 190,,PCS,5210,,5210,0.002,10.42,,
85,BOSCH,VCI BAG,80 X 250,,PCS,8535,,8535,0.002,17.07,,
86,BOSCH,VCI BAG,135 X 280 X 320,,PCS,46450,44600,1850,0.006,11.1,,
87,BOSCH,VCI BAG,150 X 380,,PCS,, ,,0.009,0,,
88,BOSCH,VCI SHEET,145 X 285 X 320,,PCS,12700,5000,7700,0.006,46.2,,
89,BOSCH,VCI BAG,410 X 160 X 160 X 480,,PCS,4900,4900,0,0.0082,0,,
90,BOSCH,VCI BAG,410 x 160 x 160 x 570,,PCS,3200,3200,0,,,,
91,BOSCH,VCI BAG,600 X 200 X 200 X 450,6000.826.457,PCS,2800,,2800,0.0112,31.36,,
92,BOSCH,VCI BLUE PRINTED,600 X 200 X 200 X 600 X 300,,PCS,2700,1035,1665,0.07,116.55,,
93,BOSCH,VCI BAG,90 X 100 320,,PCS,93000,90000,3000,0.001,3,,
94,BOSCH,VCI BAG,90 X 150  80 MIC,6000.802.875,PCS,76900,28000,48900,0.002,97.8,,
95,BOSCH,VCI BAG,160 X 410,,PCS,1545,,1545,0.01,15.45,,
96,BOSCH,VCI BAG,240 X 500 X 80,6000.172.967,PCS,16820,16820,0,0.0018,0,,
97,BOSCH,LD BAG,180 X 285,,PCS,0,,0,0.008,0,,
98,BOSCH,LD BAG,135 X 250,,PCS,3220,3220,0,0.005,0,,
99,BOSCH,LD BAG,400 X 600 320,,PCS,30175,24000,6175,0.0036,22.23,,
100,BOSCH,GUSSET BAG,300 X 100 X 100 X 300 75 MIC,,PCS,875,,875,0.08,70,,
101,BOSCH,PAPER SHEET,250 X 375,,PCS,7516,7516,0,0.014,0,,
102,BOSCH,PAPER SHEET,220 X 320,6000.814.096,PCS,0,0,0,0.01,0,,
103,BOSCH,PAPER SHEET,400 X 120,6000.814.274,PCS,0,,0,0.007,0,,
104,BOSCH,VCI BLUE BAG,210 X 250 150 MIC,,PCS,19270,2000,17270,0.0016,27.632,,
105,BOSCH,VCI BAG,230 X 325 320,6000.799.040,PCS,7110,7110,0,0.011,0,,
106,BOSCH,VCI BAG NATURAL,130 X 430 X 808,,KGS,0,,0,1,0,,
107,BOSCH,VCI BAG NATURAL,130 X 435 X 808,,KGS,639.3,639.3,0,1,0,,
108,BOSCH,VCI BAG NATURAL,130 X 440 808,,KGS,6676.4,6676.4,0,1,0,,
109,BOSCH,VCI BAG NATURAL,130 X 440 480,,KGS,80.5,80.5,0,,,,
110,BOSCH,VCI BAG,230 X 340 80 MIC,6000.171.043,PCS,54480,54480,0,0.012352,0,,
111,BOSCH,LD BAG,140 X 480 X 810,,KGS,12667.5,9949.5,2718,1,2718,,
112,BOSCH,LD PRINT,12 X 13 X 300,,PCS,15100,15100,0,,,,
,BOSCH,LD PRINT,410 X 610 X 220,,PCS,21858,21858,0,,,,
,BOSCH,LD PRINT,700 X 700 X 208,,PCS,3850,3850,0,,,,
,BOSCH,LD PRINT,305 X 700 X 208,,PCS,35510,35510,0,,,,
,BOSCH,LD PRINT,420 X 965 X 208,,PCS,26900,26900,0,,,,
113,BSC,VCI BAG,10 X 14,,PCS,0,,0,0.009,0,,
114,C & S,VCI BAG,9 X 12 X 352,,PCS,10695,3750,6945,0.012,83.34,ok,
115,C & S,VCI BAG,90 X 90 X 300 ( YELLOW),POLY0036,PCS,567500,512600,54900,0.00135,74.115,ok,
116,C & S,VCI BAG,100 X 120 75 MIC ( YELLOW),POLY1021,PCS,170370,168520,1850,0.00161,2.9785,ok,
,C & S,VCI BAG,100 X 120 75 MIC ( BLUE),,PCS,32100,18000,14100,,,,
117,C & S,VCI BAG BLUE,6 X 8,CNB6104168,PCS,22000,22000,0,0.0004,0,ok,
118,C & S,VCI BAG,20 X 25 X 352,CNB6104166,PCS,5060,2150,2910,0.0544,158.304,ok,
119,C & S,VCI BAG,230 X 285  YELLOW,POLY0034,PCS,27220,4000,23220,0.00975,226.395,ok,
120,C & S,VCI BAG YELLOW,170 X 255 75 MIC,,PCS,18050,,18050,0.006,108.3,ok,
121,C & S,VCI BAG,280 X 305 x 300,,PCS,11990,4000,7990,0.009,71.91,ok,
122,C & S,VCI BAG,25 X 35 X 320,cCNB6104167,PCS,2500,,2500,0.041824,104.56,ok,
123,C & S,VCI BAG,13 X 15,CNB61041162,PCS,16290,14706,1584,0.0215,34.056,ok,
124,C & S,VCI BAG YELLOW,150 X 170 X 300,POLY0017,PCS,447560,433710,13850,0.009188,127.2538,ok,
125,C & S,VCI BAG BLUE,150 X 170 X 300,POLY1145,PCS,28000,2000,26000,0.004168,108.368,ok,
126,C & S,VCI SHEET,485 X 335,POLY0163,PCS,31750,28700,3050,0.023,70.15,ok,
127,C & S,VCI BLUE PLAIN BAG,230 X 285 75 MIC  BLUE,POLY1148,PCS,19475,6000,13475,0.00975,131.38125,ok,
128,C & S,VCI BAG,100 X 100 X 300 BLUE,POLY0033,PCS,12000,,12000,0.002,24,ok,
129,C & S,VCI BAG,100 X 100 X 300 YELLOW,,PCS,105590,50690,54900,0.001585,87.0165,,
130,C & S,VCI BAG,230 X 250 75 MIC ( YELLOW),POLY0014,PCS,40720,18210,22510,0.0087,195.837,ok,
131,C & S,VCI BAG,230 X 250 75 MIC ( blue),POLY1147,PCS,61500,45500,16000,0.0087,139.2,ok,
132,C & S,VCI BAG,160 X 215 75 MIC ( YELLOW ),POLY0015,PCS,225730,161230,64500,0.00509,328.305,ok,
133,C & S,VCI BLUE PLAIN BAG,160 X 215 75 MIC ( BLUE),POLY1146,PCS,79650,72900,6750,0.00509,34.3575,ok,
134,C & S,VCI BAG,12 X 13 X 300,,KGS,0,,0,1,0,,
135,C & S,VCI BAG,90 X 90 X 300 ( BLUE ),POLY1143,PCS,43200,15500,27700,0.00135,37.395,ok,
136,C & S,VCI BAG,120 X 170 X 300 ( YELLOW ),POLY0125,PCS,49040,38000,11040,0.003184,35.15136,ok,
137,C & S,LD BAG,530 X 815 X 208,,PCS,0,,0,0.042,0,ok,
138,C & S,LD BAG,530 X 635 X 208,,PCS,800,,800,0.033,26.4,,
139,C & S,LD BAG,530 X 960 X 208,,PCS,26,,26,0.05,1.3,ok,
140,C & S,LD BAG,850 X 650 X 208,,PCS,3122,1500,1622,0.054,87.588,,
141,C & S,LD BAG,530 X 670 X 208,,PCS,0,,0,0.035,0,,
804,C & S,VCI BLUE PLAIN,25 X 30 X 350,,PCS,15970,15566,404,,0,,
143,C & S,LD BAG,460 X 500,,PCS,0,,0,0.023,0,,
144,C & S,LD BAG,460 X 680,,PCS,0,,0,0.031,0,,
145,C & S,VCI BAG,610 X 610 x 300,,PCS,2400,,2400,0.036,86.4,,
146,C & S,LD BAG,450 X 300,POLY0060,PCS,10190,7000,3190,0.025,79.75,,
147,C & S,LD BAG,450 X 500 x 208,POLY0061,PCS,5685,3000,2685,0.022,59.07,,
148,C & S,VCI BAG  YELLOW,80 X 220 75 MIC,POLY5250,PCS,23250,,23250,0.003,69.75,ok,
149,C & S,ZIP LOCK BAG,100 X 150,,PCS,5200,5000,200,0.002,0.4,ok,
150,C & S,VCI SHEET,1200 X 1200 52 MIC,INGEN00001,PCS,6299,5075,1224,0.0733,89.7192,ok,
151,C & S,VCI BAG YELLOW,300 X 350 X 75 MIC,POLY2025,PCS,5965,,5965,0.015,89.475,ok,
,C & S,VCI BAG BLUE,300 X 350 X 75 MIC,,PCS,6665,500,6165,,,,
152,C & S,VCI BAG blue,460 x 475 x 300,,PCS,2000,2000,0,0.003,0,ok,
153,C & S,LD BAG,300 X 274,,PCS,2250,2250,0,0.014,0,ok,
154,C & S,LD NAT PRINTED BAG,370 X 490,,PCS,5180,3430,1750,0.0026,4.55,,
155,C & S,LD BAG,370 X 346 x 208,,PCS,2440,,2440,0.018,43.92,,
156,C & S,VCI BAG YELLOW,460 X 475 X 75 MIC,,PCS,14090,8500,5590,0.031,173.29,ok,
157,C & S,VCI BLUE PLAIN,16 X 22 352 ,CNB6104163,PCS,21439,16299,5140,0.0039,20.046,ok,
158,C & S,VCI BLUE PLAIN,30 X 45 X 352,,KGS,251.1,251.1,0,,,,
159,C & S,LD PRINT,305 X 220,,PCS,4390,,4390,,,,
,C & S,VCI BLUE,4 X 4 X 320,,PCS,7000,6000,1000,,,,
,C & S,VCI BLUE PRINT,4 X 8 X 320,,PCS,5400,5000,400,,,,
,C & S,VCI BLUE PRINT,5 X 8 X 320,,PCS,3720,3000,720,,,,
806,C&S,LD PRINT,550 X 750 X 208,,PCS,4450,4450,0,,0,,
160,CAPARO,VCI BAG,380 X 600,DUMP,PCS,600,,600,0.032,19.2,,
161,CAPARO,VCI BAG,340 X 500 X 100,DUMP,PCS,1515,,1515,0.024,36.36,,
162,CBM,LD BAG,10 X 12,DUMP,PCS,2270,0,2270,0.011,24.97,ok,
163,CBM,LD BAG,7 X 10,DUMP,PCS,5000,,5000,0.0096,48,,
164,CONTITECH INDIA,LD BAG,7 X 26,,PCS,0,0,0,0.01765,0,ok,
165,CRADLEWISE,LD BAG,100 X 140,,PCS,25000,,25000,0.002,50,,
166,DAIDO,,260 X 260 65 MIC,,PCS,10820,10820,0,0.01,0,,
167,DAIDO,SUZUKI,230 X 230 X 400,,KGS,0,0,0,1,0,,
168,DAIDO,LD BAG,18 X 19,DUMP,PCS,800,,800,0.031,24.8,,
,DAIDO,SUZUKI BOX,8 X 8 X 1.75,,PCS,2800,2333,467,,,,
169,DAIDO,SUZUKI,90 X 125,PB1010030,KGS,0,0,0,1,0,,
170,daido,"LD PRINT SUZUKI",135 x 290,,KGS,11.7,11.7,0,1,0,,
171,DEGANIA,LD BAG,28 X 5 X 5 X 220,,KGS,680.1,298.8,381.3,1,381.3,,
172,DEGANIA,LD BAG,150 X 550 X 100,,KGS,15,0,15,1,15,,
173,DEGANIA,LD BAG,20 X 30 X 320,,KGS,271,,271,1,271,,
174,DEGANIA,LD BAG,12 X 24 X 300,,KGS,260.7,243,17.7,1,17.7,,
175,DEGANIA,LD BAG,80 X 600,,KGS,9.5,,9.5,,0,,
176,DEGANIA,LD BAG,125 X 175,,KGS,176.4,,176.4,1,176.4,,
177,DEGANIA,LD BAG,150 x 350,,KGS,21,,21,1,21,,
178,DEGANIA,LD BAG,370 x 370,,KGS,24.5,0,24.5,1,24.5,,
179,DEGANIA,LD BAG,6 x 8 x 320,,KGS,144,,144,1,144,,
180,DEGANIA,LD BAG,20 x 22 x 320,,KGS,64.6,,64.6,1,64.6,,
181,DEGANIA,LD NAT. PRINT BAG,1750 X 800 X 810,,PCS,510,,510,0.0197,10.047,,
182,DEGANIA,LD BAG,60 X 470 X 100,,KGS,11,0,11,1,11,,
183,DEGANIA,LD BAG,600 X 400 320,,KGS,31.1,31.1,0,,,,
184,DENSO,LD SHEET,16 X 64 X 480,,KGS,72.86,,72.86,1,72.86,,
185,DENSO,LD SHEET,32 X 64 X 320,,KGS,341.4,33,308.4,1,308.4,,
186,DENSO,LD BAG,5 X 7 X 320,,KGS,0,0,0,1,0,,
187,DENSO,LD BAG,4 X 6 X 480,,KGS,0,0,0,1,0,ok,
188,DENSO,LD BAG,15 X 18.5 X 480,,KGS,278.9,,278.9,1,278.9,ok,
189,DENSO,LD BAG,4 X 16,DUMP,KGS,35.7,0,35.7,1,35.7,ok,
190,DEVGIRI,VCI BAG,76 X 152,DF-7060101,PCS,82555,82555,0,0.002,0,ok,
191,DEVGIRI,VCI BAG,200 X 200,DF-7060105,PCS,103090,103090,0,0.006,0,,
192,DEVGIRI,VCI BLUE PRINTED,200 X 200 X 300,,KGS,588.8,588.8,0,1,0,,45000
193,ELECTROCOM,VCI BAG,4 X 5 80 MIC,,PCS,0,0,0,0.00192,0,ok,
194,ELECTROCOM,VCI BAG,4 X 6 75 MIC,,PCS,0,0,0,0.00244,0,ok,
195,ELECTROCOM,VCI BAG,3 X 4 X 320,,PCS,24000,,24000,0.002,48,ok,
196,ELECTROCOM,VCI BAG,9 X 12 100 MIC,,PCS,32255,11570,20685,0.015,310.275,ok,
197,ELITE,VCI BAG,10 X 17,1750 pcs DUMP,PCS,2720,,2720,0.015,40.8,ok,
198,ESWAR,VCI BAG,165 X 220,3010 pcs. dump,PCS,3010,,3010,0.006,18.06,ok,
199,EYEMY,LD BAG WITH ZIP,3 X 8,,PCS,12080,12080,0,0.003,0,ok,
200,FAB INDIA,LD BAG,17 X 26,,PCS,3225,,3225,0.064,206.4,ok,
201,FAB INDIA,LD BAG,11.75 X 14,3104186,PCS,64000,64000,0,0.016,0,,
202,FAB INDIA,LD BAG,17 X 24,,KGS,18.78,18.78,0,1,0,,
203,FAB INDIA,PAPER MAILER BAG,13 X 16+2,,PCS,35700,35700,0,,0,,
204,FAB INDIA,LD BAG,12 X 15 + 2,,PCS,13250,13250,0,0.006,0,,
205,FAB INDIA,LD BAG,12 X 15+1,,PCS,115400,76800,38600,,,,
206,FAB INDIA,LD BAG,12 X 16+1,,PCS,1200,1200,0,,,,
207,FOCUS,VCI BAG,7 X 9 ,,PCS,0,0,0,0.006,0,,
208,FOCUS,VCI BAG,685 X 685 75 MIC,,PCS,8090,3600,4490,0.0066,29.634,,
209,FOCUS,VCI BAG,11 X 13 75 MIC,,PCS,37250,30250,7000,0.013,91,ok,
210,FOCUS,VCI SHEET GREEN,25 X 25 75 MIC,,PCS,2460,,2460,0.057,140.22,,
211,FOCUS,VCI BAG,14 X 20,,PCS,1480,600,880,0.026,22.88,,
212,FOCUS,VCI BAG,7 X 10 300,,PCS,43710,41710,2000,0.01,20,,
213,FOCUS,LD BAG,8 X 10 75 MIC,,PCS,21500,,21500,0.007,150.5,,
214,FOCUS,VCI BAG,10 X 12 75 MIC,,PCS,5820,,5820,0.011,64.02,ok,
215,FOCUS,VCI BAG,185 X 225,,PCS,4235,0,4235,0.006,25.41,,
216,FOCUS,VCI SHEET,18 X 20,,PCS,8840,,8840,0.017243,152.42812,,
217,FOCUS,GUSSET BAG GREEN,310 X 100 X 100 X 365 75 MIC,,PCS,19398,16380,3018,0.032,96.576,ok,
218,FOCUS,VCI BAG,8 X 12 75 MIC,,PCS,13500,,13500,0.00915,123.525,,
219,FOCUS,VCI BAG GREEN,20 X 22 X 300,,PCS,91910,91910,0,0.0205,0,ok,
220,FOCUS,VCI BAG,9 X 4 X 4 X 14,,PCS,8650,8650,0,0.023875,0,,
221,FOCUS,VCI YELLOW PRINT,320 X 450 X 320,,PCS,12500,12500,0,,,,
222,FOCUS,VCI BAG,11 X 16,,PCS,10090,10090,0,,,,
222,GESCO,VCI BAG,8.5 X 4 X 4 X 20,,PCS,717,717,0,0.03,0,,
223,GREAVES,LD BAG,6 X 9 280,,PCS,0,0,0,0.005,0,,
224,GREAVES,LD BAG,6 X 20 280,,PCS,0,0,0,0.010472,0,,
225,GREAVES,LD BAG,4 X 6 X 280,,PCS,0,0,0,0.002282,0,,
226,GREAVES,LD BAG,6 X 6 280,,PCS,0,0,0,0.003343,0,,
227,GREAVES,LD BAG,12 X 12 280,,PCS,0,0,0,0.013946,0,,
228,GREAVES,LD BAG,15 X 20 280,,PCS,0,0,0,0.025389,0,,
229,GREAVES,LD BAG,13 X 16 280,,PCS,0,0,0,0.019288,0,,
230,GREAVES,LD BAG,4 X 6 280,,PCS,0,0,0,0.00232,0,,
231,GREAVES,LD BAG,4 X 4 280,,PCS,0,0,0,0.001675,0,,
232,GREAVES,LD BAG,3 X 4 280,,PCS,0,0,0,0.001255,0,,
233,GREAVES,LD BAG,3 X 11 280,,PCS,0,0,0,0.001569,0,,
234,GREAVES,LD BAG,3 X 8 280,,PCS,0,0,0,0.00235,0,,
235,GREAVES,LD BAG,10 X 13 280,,PCS,0,0,0,0.012663,0,,
236,GREAVES,LD BAG,8 X 8 280,,PCS,0,0,0,0.005991,0,,
237,GREAVES,LD BAG,10 X 22 280,,PCS,0,0,0,0.020688,0,,
238,GREAVES,LD BAG,9 x 13,,PCS,0,0,0,,0,,
239,GREAVES,LD BAG,9 x 10,2000 pcs. dump,PCS,2000,0,2000,,0,,
240,GM HITECH,VCI BLUE PRINT,5 X 5 X 400,,PCS,29190,29190,0,,0,,
241,GM HITECH,VCI BLUE PRINT,5 X 6 X 400,,PCS,29500,29500,0,,0,,
242,GM HITECH,VCI BLUE PRINT,6 X 7 X 400,,PCS,23530,23530,0,,0,,
243,HOLY SALE,,900 X 450 X 320,,PCS,35440,27000,8440,,0,,
244,HOLY SALE,LD BLUE,200 X 200 X 400,,PCS,83270,82370,900,,,,
,HOLY SALE,VCI NAT. PRINT,21 X 17 X 600,,PCS,1930,1930,0,,,,
,HOLY SALE,VCI BLUE PLAIN,16 X 17 X 360,,KGS,188.2,,188.2,,,,
,HOLY SALE,COMPOSITE STREP,32 MM,,BOX,36,34,2,,,,
,HOLY SALE,COMPOSITE STREP,19 MM,,BOX,1,1,0,,,,
,HOLY SALE,COMPOSITE STREP,16 MM,,BOX,10,10,0,,,,
,HOLY SALE,COMPOSITE STREP,25 MM,,BOX,44,40,4,,,,
244,HILAX,VCI BAG,300 X 500  52 MIC,PACK-0025,PCS,93785,93785,0,0.0021,0,ok,
245,HITECH,VCI SHEET,125 X 125,,PCS,68900,,68900,0.002,137.8,,
246,HITECH,VCI BAG,350 X 300,,PCS,2000,,2000,0.015,30,,
247,HITECH,VCI BAG,225 X 350,,PCS,2930,,2930,0.011,32.23,,
248,HITECH,VCI SHEET,200 X 200,,PCS,8140,,8140,0.006,48.84,,
249,HITECH,VCI BAG,150 X 150,,PCS,19150,,19150,0.003,57.45,,
250,HONDA,LD BAG,170 X 680 320,,KGS,123,,123,1,123,,
251,HONDA,LD BAG,90 X 360,DUMP,PCS,2000,2000,0,0.005,0,,
252,HONDA,LD BAG,70 X 340,,PCS,3880,3880,0,0.0033,0,,
253,HONDA,LD BAG,255 X 330 X 240,,KGS,178,,178,1,178,,
254,HONDA,LD BAG,190 X 250 60 MIC,,KGS,53,0,53,1,53,,
255,HONDA,LD PRINTED BAG,280 X 500 X 240,,KGS,515.66,298.68,216.98,1,216.98,,
256,HONDA,LD BAG,100 X 190,,KGS,120,,120,1,120,,
257,HONDA,LD BAG,150 X 230,,KGS,138.4,,138.4,1,138.4,,
258,HONDA,VCI BLUE PRINT,250 X 290,,PCS,4350,,4350,0.01,43.5,,
259,HONDA,VCI SHEET,550 X 800,,PCS,5400,5400,0,0.0062,0,,
260,HONDA,LD BAG,65 X 140,,PCS,5660,5660,0,0.002,0,,
261,HONDA,LD BAG,420 X 455 60 MIC,,KGS,555.14,555.14,0,1,0,,
262,HONDA,LD BAG,450 X 1000 X 240,,KGS,752.48,752.48,0,1,0,,
263,HONDA,LD PRINTED BAG,710 X 1000 60 MIC,,KGS,444,,444,1,444,,
264,HONDA,LD BAG,230 X 750 X 240,,KGS,35,,35,1,35,,
265,HONDA,LD BAG,450 X 640 X 240,,KGS,586.16,586.16,0,1,0,,
266,HONDA,LD BAG,450 X 650 X 240,,KGS,58.7,58.7,0,1,0,,
267,HONDA,LD PRINTED BAG,680 X 750 X 240,,KGS,33,,33,1,33,,
268,HONDA,VCI BAG,250 X 340 75 MIC,5000000057,PCS,15700,,15700,0.012,188.4,,
269,HONDA,LD BAG,500 X 700 60 MIC,,KGS,80,,80,,0,,
270,HONDA,ROLL,300 MM,,KGS,1626.6,1076.4,550.2,1,550.2,,
271,HONDA,LD SHEET,450 X 800 75 MIC,,KGS,2329.6,1969,360.6,1,360.6,,
272,HONDA,LD NATURAL PRINTED SHEET,450 X 450 80 MIC,,KGS,769.7,163,606.7,1,606.7,,
273,HONDA,LD PRINTED SHEET,360 X 390 75 MIC,,KGS,1195.14,980.16,214.98,1,214.98,,
274,HONDA,LD SHEET,500 X 600 75 MIC,,KGS,265.64,,265.64,1,265.64,,
275,HONDA,ROLL,200 MM,,KGS,1077.1,906,171.1,1,171.1,,
276,HONDA,LD BAG,150 X 340 X 320,,KGS,94,,94,1,94,,
277,HONDA,LD BAG,170 X 600 X 320,,KGS,43.66,43.66,0,1,0,,
278,HONDA,LD PRINTED BAG,260 X 420 X 320,,KGS,1862.24,1633.1,229.14,1,229.14,,
279,HONDA,LD BAG,300 X 300 X 320,,KGS,80.26,80.26,0,1,0,,
280,HONDA,LD NATURAL PRINTED BAG,300 X 840 X 320,,KGS,377.2,,377.2,1,377.2,,
281,HONDA,LD PRINTED BAG,710 X 1000 X 320,,KGS,274.18,129,145.18,1,145.18,,
282,HONDA,LD PRINTED SHEET,650 X 820 X 320,,KGS,600.74,600.74,0,1,0,,
283,HONDA,LD BAG,100 X 920 80 MIC,,KGS,51,,51,1,51,,
284,HONDA,LD PRINTED BAG,130 X 170 80 MIC,,KGS,735.84,735.84,0,1,0,,
285,HONDA,LD PRINTED BAG,280 X 500 80 MIC,,KGS,528.56,528.56,0,1,0,,
286,HONDA,LD NATURAL PRINTED SHEET,190 X 260 X 320,,KGS,858.62,858.62,0,1,0,,
287,HONDA,TUBE ,3 x 280,,KGS,0,0,0,1,0,,
288,HONDA,TUBE ,4 X 280,,KGS,0,0,0,1,0,,
289,HONDA,TUBE ,8.5 X 300,,KGS,155.66,155.66,0,1,0,,
290,HONDA,TUBE ,6 X 280,,KGS,0,0,0,1,0,,
291,HONDA,LD BAG,200 X 440  320,,KGS,206,,206,1,206,,
292,HONDA,LD BAG,170 X 650 320,,KGS,131,,131,1,131,,
293,HONDA  OLD STOCK,LD BAG,5 X 7,,KGS,319.02,319.02,0,1,0,,
294,INDIA YAMAHA,VCI SHEET,700 X 1400,,PCS,500,500,0,0.0138,0,,
295,INDIA YAMAHA,VCI BAG,290 X 330 X 300,N5900095000000,PCS,2530,,2530,0.013,32.89,,
296,INDIA YAMAHA,VCI SHEET,700 X 700 X 300,N9206004000000,PCS,3194,,3194,0.039466,126.054404,,
297,INDIA YAMAHA,VCI BAG,250 X 250,N9204006000000,PCS,215797,215797,0,0.010367,0,,
298,INDIA YAMAHA,VCI BLUE PRINT BAG,250 X 400,N9204007000000,PCS,800,,800,0.0167,13.36,425.6,
299,INDIA YAMAHA,VCI BAG,20 X 20,N9202356000000,PCS,5850,5850,0,0.042,0,,
300,INDIA YAMAHA,VCI BAG,125 X 100 X 240,N5900220000000,PCS,302605,302605,0,0.001596,0,,
301,INDIA YAMAHA,VCI BAG,150 X 200,N9204004000000,PCS,95000,95000,0,0.00511,0,,
302,INDIA YAMAHA,VCI BAG,150 X 225,N5900009400000,PCS,3000,,3000,0.004,12,,
303,INDIA YAMAHA,VCI BAG,100 X 150,N9204003000000,PCS,57600,57600,0,0.0025,0,,
304,INDIA YAMAHA,VCI SHEET,1000 X 1200,N9207002000000,PCS,8909,8499,410,0.0955,39.155,,
305,INDIA YAMAHA,VCI BAG,240 X 100,N5900221000000,PCS,3025,,3025,0.003,9.075,,
306,INDIA YAMAHA,VCI BAG,125 X 150,N5900009300000,PCS,209460,209460,0,0.002417,0,,
307,INDIA YAMAHA,VCI BAG,100 X 280,N5900824000000,PCS,187440,187440,0,0.0036,0,,
308,INDIA YAMAHA,VCI BAG,300 X 500,N9205001000000,PCS,109969,109969,0,0.0248,0,,
309,INDIA YAMAHA,VCI BAG,100 X 430,N5900083000000,PCS,1900,,1900,0.006,11.4,,
310,INDIA YAMAHA,VCI BAG,750 X 800,N9205009000000,PCS,8935,8935,0,0.0949,0,374,
311,INDIA YAMAHA,VCI BAG,240 X 265 60 MIC,N5900825000000,PCS,168175,168175,0,0.0078,0,,
312,INDIA YAMAHA,VCI BAG,200 X 250 X 240,N5900827000000,PCS,84145,84145,0,0.0064,0,,
313,INDIA YAMAHA,VCI BAG,500 X 500,,PCS,14000,14000,0,0.012,0,,
314,INDITECH,LD BAG,155 X 390 150 MIC,,KGS,0,,0,1,0,,
315,INDITECH,LD BAG,115 X 280 150 MIC,,KGS,312.78,312.78,0,1,0,,
316,INDITECH,LD BAG,130 X 370 150 MIC,,KGS,172.9,172.9,0,1,0,,
317,INDITECH,LD BAG,230 X 585 150 MIC,,KGS,0,,0,1,0,,
318,INDITECH,LD BAG,90 X 280 150 MIC,,KGS,0,,0,1,0,,
319,INDITECH,LD BAG,155 x 470 x 600,,KGS,149.5,149.5,0,,0,,
,INDITECH,LD BAG,200 X 455 X 150,,KGS,189.7,189.7,0,,,,
,INDITECH,LD BAG,235 X 455 X 150,,KGS,166.5,166.5,0,,,,
320,INTERNATIONAL,VCI BAG SOLIS,6.5 X 9 100 MIC,,KGS,52.8,52.8,0,1,0,,
321,INTERNATIONAL,VCI BAG SOLIS,20 X 27 100 MIC,,KGS,7.9,7.9,0,1,0,,
322,INTERNATIONAL,VCI BAG SOLIS,4.5 X 5.5 100 MIC,  ,KGS,0,0,0,1,0,,
323,INTERNATIONAL,VCI BAG SOLIS,5.5 X 6.5,,KGS,14.2,14.2,0,1,0,,
324,INTERNATIONAL,LD BAG SOLIS,10 X 12,,KGS,9.4,9.4,0,1,0,,
325,INTERNATIONAL,VCI BAG SOLIS,8.5 X 10,,KGS,0,0,0,1,0,,
326,INTERNATIONAL,VCI BAG SOLIS,14 X 16 X 100 MIC,,KGS,0,0,0,1,0,,
327,INTERNATIONAL,VCI ROLL SOLIS,6.5 X 400,,KGS,52.2,52.2,0,1,0,,
328,INTERNATIONAL,VCI BAG SONALIKA,12 X 14 100 MIC,9810300038,KGS,99,99,0,1,0,,
329,INTERNATIONAL,VCI BAG SONALIKA,5.5 X 6 100  MIC,,PCS,4000,4000,0,1,0,,
330,INTERNATIONAL,LD AB BAG SONALIKA,5.5 X 6 100  MIC,9810300038,KGS,28000,28000,0,1,0,,
331,INTERNATIONAL,VCI BAG SONALIKA,20 X 27 100 MIC,,KGS,38.6,38.6,0,1,0,,
332,INTERNATIONAL,VCI BAG SONALIKA,10 X 12 ,,PCS,19000,,19000,1,19000,,
333,INTERNATIONAL,VCI BAG SONALIKA,8.5 X 10 100 MIC,9810300038,KGS,16,16,0,1,0,,
334,INTERNATIONAL,VCI BAG SONALIKA,16 X 20,,KGS,25.5,25.5,0,1,0,,
335,INTERNATIONAL,VCI BAG SONALIKA,14 X 16 100 MIC,9810300038,KGS,50.9,50.9,0,1,0,,
336,INTERNATIONAL,LD BAG SONALIKA,8 X 12 75 MIC,,PCS,0,0,0,0.009,0,,
337,INTERNATIONAL,LD BAG SONALIKA,4.5 X 5,,PCS,104900,52400,52500,0.0004,21,,
338,INTERNATIONAL,VCI BAG SONALIKA,4.5 X 5,,PCS,129000,105000,24000,1,24000,118.4,
339,INTERNATIONAL,VCI AB BAG SONALIKA,5.5 X 5 70 MIC,,PCS,7500,0,7500,0.004,30,,
340,INTERNATIONAL,LD BAG SONALIKA,10 X 12,,PCS,20000,,20000,0.0018,36,,
341,INTERNATIONAL,LD BAG SONALIKA,7 X 9 75 MIC,,PCS,38000,16000,22000,0.007422,163.284,,
342,INTERNATIONAL,VCI BAG SONALIKA,7 X 9,,PCS,52800,40000,12800,0.0071,90.88,,
343,INTERNATIONAL,LD BAG SONALIKA,140 X 165 X 300,,PCS,132000,132000,0,0.003896,0,,
344,INTERNATIONAL,VCI BAG SONALIKA,140 X 165 X 300,,PCS,180000,152000,28000,,0,,
345,INTERNATIONAL,LD BAG SONALIKA,140 X 160,,PCS,0,,0,0.003875,0,,
346,INTERNATIONAL,VCI BAG SONALIKA,140 X 160 X 300,,PCS,0,,0,,0,,
348,INTERNATIONAL,LD BAG SONALIKA,4 X 5 ,,PCS,9000,,9000,0.002463,22.167,,
349,INTERNATIONAL,VCI BAG SONALIKA,4.5 X 5 X 300,,PCS,,,0,0.007,0,,
350,JAI PARVATI,VCI BAG,7 X 24 X 100,,KGS,190.6,40,150.6,1,150.6,ok,
351,JAI PARVATI,VCI BAG,7 X 24 X 75,,KGS,137,,137,1,137,,
352,JAI PARVATI,VCI BAG,9 X 36 X 100,,KGS,32.4,,32.4,1,32.4,ok,
353,JAI PARVATI,VCI BAG,9 X 36 X 120,,KGS,985.5,950.4,35.1,,,,
354,JAI PARVATI,VCI BAG BLUE ,8 X 8 X 120,,KGS,65.1,65.1,0,1,0,ok,
355,JAI PARVATI,VCI BAG,9 X 20 X 120,,KGS,601.8,352,249.8,1,249.8,ok,
356,JAI PARVATI,VCI BAG,9 X 20 X 75,,KGS,391.55,366.55,25,1,25,,
357,JAI PARVATI,VCI BAG,7 X 20 X120,,KGS,1124.2,807.2,317,1,317,ok,
358,JAI PARVATI,VCI BAG,7 X 24 X 120,,KGS,1853.6,1581.7,271.9,1,271.9,ok,
359,JAI PARVATI,VCI BAG,7 X 20 X 100,,KGS,80.1,59.5,20.6,,,,
360,JAI PARVATI,VCI BAG,7 X 20 X 75,,KGS,135.4,70.2,65.2,,,,
361,JAI PARVATI,VCI BAG,12 X 24 X 120,,KGS,106.7,106.7,0,1,0,ok,
,JAI PARVATI,VCI BAG,12 X 24 X 400,,KGS,24.9,,24.9,,,,
362,JAI PARVATI,VCI BAG,7 X 14 X 120,,KGS,267,,267,,,,
,JAI PARVATI,VCI BAG,7 X 14 X 100,,KGS,31,,31,,,,
,JAI PARVATI,VCI BAG,9 X 24 X 75,,KGS,128.4,,128.4,,,,
363,JAI PARVATI,VCI BAG,9 X 24 X 100,,KGS,734.8,589.6,145.2,1,145.2,ok,
364,JAI PARVATI,VCI BAG,9 X 24 X 120,,KGS,970.9,604.2,366.7,1,366.7,,
,JAI PARVATI,VCI BAG,14 X 18 X 75,,KGS,204.1,,204.1,,,,
365,JAI PARVATI,VCI BAG,14 X 18 X 100,,KGS,170.6,0,170.6,1,170.6,ok,
366,JAI PARVATI,VCI BLUE PRINT BAG,12 X 12 X 100,,KGS,78,,78,1,78,ok,
367,JAI PARVATI,VCI BAG,14 X 18 X 120,,KGS,1041.4,1041.4,0,1,0,ok,
368,JAI PARVATI,VCI BLUE PRINT BAG,12 X 12 X 120,,KGS,953.9,673.9,280,1,280,,
,JAI PARVATI,VCI BLUE PRINT BAG,12 X 12 X 300,,KGS,108,,108,,,,
369,JAI PARVATI,VCI BAG,18 X 24 X 100,,KGS,865,788.1,76.9,1,76.9,ok,
,JAI PARVATI,VCI BAG,12 X 18 X 75,,KGS,70.9,,70.9,,,,
370,JAI PARVATI,VCI BAG,12 X 18 X 100 ,,KGS,940.1,831.9,108.2,1,108.2,ok,
371,JAI PARVATI,VCI BLUE PRINT BAG,12 X 18 X 120,,KGS,295,,295,1,295,,
372,JAI PARVATI,VCI BAG,12 X 24 X 75,,KGS,60.6,,60.6,1,60.6,ok,
373,JAI PARVATI,VCI BAG,18 X 22 X 120,,KGS,1049,1039.9,9.1,1,9.1,ok,
374,JAI PARVATI,VCI BAG,18 X 22 X 75,,KGS,52.3,26,26.3,,,,
375,JAI PARVATI,VCI BAG,9 X 36 X 75,,KGS,71.3,,71.3,1,71.3,ok,
376,JAI PARVATI,VCI BAG,10 X 10 X 100,,KGS,1056.2,1026.8,29.4,1,29.4,ok,
,JAI PARVATI,VCI BLUE PRINT BAG,10 X 10 X 480,,KGS,481.4,297.9,183.5,,,,
377,jaquar,zip lock bag (LOCK POUCH),138 x 156,,PCS,111700,111700,0,0.005,0,,
378,JBM,VCI BAG,300 X 650 X 100,26 kg dump,PCS,950,950,0,0.03664,0,ok,
379,JCB,LD BAG,15 X 24,,KGS,0,0,0,1,0,,
380,JCB,LD BAG,18 X 30,I_DIR_PRI_POLY_023,KGS,1947.9,963.4,984.5,1,984.5,,
381,JCB,LD BAG b/R,12 x 24,,KGS,1464.5,1449.5,15,1,15,,
382,JCB,LD BAG b/R,15 X 21,,KGS,2298.1,1749.6,548.5,1,548.5,,
383,JCB,LD BAG B/R,12 X 15,I_DIR_PRI_POLY_021,KGS,216,216,0,1,0,,
384,JCB,LD BAG BR,12 X 21,I_DIR_PRI_POLY_022,KGS,375,351,24,1,24,,
385,JCB,LD BAG ,790 X 1070 X 480,,PCS,567,,567,0.01861,10.55187,,
386,JCB,CUTTING,8 X 10 120 MIC,,PCS,335925,316175,19750,0.0124,244.9,,
387,JCB,LD BAG B/R,8 X 10 120 MIC,,KGS,1097.5,886.7,210.8,,,,
388,JCB,CUTTING,12 X 15,,PCS,21636,21636,0,0.0032,0,,
390,JCB,LD BAG,230 X 320,,PCS,1980,,1980,0.005,9.9,,
391,JCB,LD BAG A/B,6 X 8 120 MIC,B_CON_PACK_GEN_176,PCS,164000,16000,148000,0.0008,118.4,,
392,JCB,LD BAG B/R,6 X 8 120 MIC,I_DIR_PRI_POLY_030,KGS,748.6,748.6,0,1,0,,
393,JCB,CUTTING,6 X 8 120 MIC,,PCS,18640,,18640,0.007492,139.65088,,
394,JCB,LD BAG B/R,3 x 5,I_DIR_PRI_POLY_028,KGS,88.2,88.2,0,1,0,,
395,JCB,LD BAG A/B,5 x 5,B_CON_PACK_GEN_175,PCS,146000,51000,95000,0.0047,446.5,,
396,JCB,LD BAG B/R,5 X 5,I_DIR_PRI_POLY_029,KGS,2347.6,2134.4,213.2,1,213.2,,
397,JCB,CUTTING,5 X 5,,PCS,193470,191200,2270,0.0047,10.669,,
398,JCB,LD BAG A/B,4 X 5,,PCS,80800,56800,24000,0.0016,38.4,,
399,JCB,LD BAG A/B,12 x 15,B_CON_PACK_GEN_179,PCS,1018,,1018,0.0032,3.2576,,
400,JCB,LD BAG A/B,10 x 12,B_CON_PACK_GEN_178,PCS,29000,20000,9000,0.0215,193.5,,
401,JCB,LD BAG A/B,8 x 10 120 MIC,B_CON_PACK_GEN_177,PCS,30500,,30500,0.00144,43.92,,
402,JCB,B/R,10 X 12,I_DIR_PRI_POLY_020,KGS,620.4,620.4,0,1,0,,
403,JCB,LD CUTTING,10 X 12,,PCS,4250,,4250,0.0188,79.9,,
404,JCB,LD CUTTING,3 X 5 120 MIC,,PCS,42650,,42650,0.0025,106.625,,
405,JCB,LD BAG A/B,3 x 5,B_CON_PACK_GEN_174,PCS,717000,651000,66000,0.00308,203.28,,
407,JCB,LD ROLL,"5"" R",I_DIR_PRI_POLY_025,KGS,144,,144,1,144,,
408,JCB,LD ROLL,"8""",I_DIR_PRI_POLY_025,KGS,48,48,0,1,0,,
409,JCB,LD ROLL,"3"" R",,KGS,255,,255,1,255,,
410,JCB,LD BAG,18 X 24 X 480,I_IND_PRI_VCIP_003,PCS,2500,2500,0,0.238,0,,
411,JCB,CUTTING,18 X 20 120 MIC,,PCS,0,,0,0.053367,0,,
412,JCB,VCI BAG,18 X 20,,PCS,10200,10200,0,0.03491,0,,
413,JCB,LD BAG,42 X 42 X 52,I_DIR_PRI_POLY_018,KGS,980,980,0,1,0,,
414,JCB,LD BAG,13 X 30,,KGS,554.1,554.1,0,,,,
415,JINDLE,LD BAG,18 X 18,,KGS,2684.32,2684.32,0,1,0,,
416,JINDLE,LD BAG,7 X 12,,KGS,0,0,0,1,0,,
417,KAI,LD BAG,60 X 200,25.5 kg. DUMP,PCS,63200,0,63200,0.0008,50.56,,
418,KAI,LD BAG,60 X 280,DEHA-00003,PCS,7600,0,7600,0.009,68.4,,
419,KAI,LD BAG,60 X 402,DEHA-00005,PCS,7000,,7000,0.007,49,,
420,KAPOOR,,27 X 40 X 208,,KGS,359.9,58,301.9,,,,
421,LG BALA,SUZUKI,8.6 X 9 300,18050LDPE00001,KGS,493.7,,493.7,1,493.7,,
422,LGBFO,VCI BAG,150 X 300 X 100,,PCS,0,0,0,0.0845,0,,
423,LUMAX,,4 x 6,,KGS,0,0,0,1,0,,
424,LUMAX,,5 x 15,,KGS,0,0,0,1,0,,
425,MAHAJAN,LD BAG,7 X 14,,KGS,289.36,,289.36,1,289.36,,
426,MAHAJAN,LD BAG,8 X 13,DUMP,KGS,200.9,,200.9,,,,
427,MAHELE,VCI BAG,210 X 160 X 212,79960263,KGS,1302.22,800,502.22,,0,,
428,MAHELE,VCI BAG,160 X 185 X 210,,KGS,149.3,114.2,35.1,,0,,
429,MAHINDRA,VCI BAG,7 X 10 75 MIC,,KGS,25.5,,25.5,1,25.5,,
430,MAHINDRA,VCI BAG,19 X 21,,KGS,32.4,32.4,0,1,0,,
431,MAHINDRA,VCI BAG,24 X 8.5 X 8.5 X 30 75 MIC,,PCS,800,,800,0.112,89.6,,
432,MAHINDRA,VCI BAG,20 X 8 X 8 X 23,,KGS,154.9,,154.9,,,,
433,MAHINDRA,VCI BAG,25 X 22.5 X 40,,PCS,220,220,0,0.00364,0,,
434,MAHINDRA,VCI BAG,14 X 16 120 MIC,,KGS,0,0,0,1,0,,
435,MAHINDRA,VCI BAG YELLOW,15 X 16 75 MIC,,KGS,0,0,0,1,0,,
436,MAHINDRA,VCI BAG YELLOW,12 X 15 75 MIC,,KGS,459.9,459.9,0,1,0,,
437,MAHINDRA,VCI BAG YELLOW,14 X 16 75 MIC,VCIBAG01,KGS,740.6,557.2,183.4,1,183.4,,
438,MAHINDRA,VCI BAG,260 X 550 120 MIC,,KGS,0,0,0,1,0,,
439,MAHINDRA,VCI BAG,915 X 685 X 1422,PACKING07,KGS,200,200,0,1,0,,
440,MAHINDRA,VCI BAG,7 X 9 75 MIC,,KGS,213.8,,213.8,1,213.8,,
441,MAHINDRA,VCI BAG,7 X 26 75 MIC,,KGS,172.4,,172.4,1,172.4,,
442,MAHINDRA,VCI BAG,6 X 12 75 MIC,,KGS,111,,111,1,111,,
443,MAHINDRA,VCI BAG,6 X 12 120 MIC,,KGS,106.5,106.5,,,,,
444,MAHINDRA,VCI BAG,12 X 13 75 MIC,,KGS,45.9,15.2,30.7,1,30.7,,
445,MAHINDRA,VCI YELLOW,3 X 5 X 300,,KGS,154.8,,154.8,1,154.8,,
446,MAHINDRA,VCI BAG,4 X 6 75 MIC,VCIBAG01,KGS,473,472.7,0.3,1,0.3,,
447,MAHINDRA,VCI BAG,5 X 32 75 MIC,VCIBAG01,KGS,228.4,228.4,0,1,0,,
448,MAHINDRA,VCI BAG,18 X 38,,KGS,0,0,0,1,0,,
449,MAHINDRA,VCI YELLOW,8 X 12 75 MIC,,KGS,286.1,150.7,135.4,1,135.4,,
450,MAHINDRA,VCI YELLOW,8 X 10 75 MIC,VCIBAG01,KGS,613.9,515.6,98.3,1,98.3,,
451,MAHINDRA,VCI YELLOW,9 X 12 75 MIC,,KGS,0,0,0,1,0,,
452,MAHINDRA,VCI YELLOW BAG,18 X 21 75 MIC,VCIBAG01,KGS,622.8,622.8,0,1,0,,
453,MAHINDRA,VCI BAG,15 X 22 75 MIC,,KGS,167.4,167.4,0,1,0,,
454,MAHINDRA,VCI BAG,8.5 X 12 75 MIC,VCIBAG01,KGS,356.5,356.5,0,1,0,,
455,MAHINDRA,VCI BAG,8 X 8 75 MIC,,KGS,210,,210,1,210,,
456,MAHINDRA,VCI BAG,6 X 30 X 300,,KGS,311.1,311.1,0,1,0,,
457,MAHINDRA,VCI BAG,9 X 14 X 75 MIC,,KGS,31.7,,31.7,0.013,0.4121,,
458,MAHINDRA,VCI BAG,260 X 260  120 MIC,,KGS,0,0,0,1,0,,
459,MAHINDRA,VCI BAG,260 X 170,,KGS,0,0,0,1,0,,
460,MAHINDRA,VCI BAG,260 X 370,,KGS,0,0,0,1,0,,
461,MAHINDRA,VCI YELLOW BAG,400 X 700 120,,KGS,485.6,485.6,0,1,0,,
462,MAHINDRA,VCI BAG YELLOW ,6 X 6 75 MIC,VCIBAG01,KGS,640.4,635.2,5.2,1,5.2,130,
463,MAHINDRA,VCI BAG YELLOW ,6 X 6 120 MIC,,PCS,38740,38740,0,,,,
464,MAHINDRA,VCI BAG,150 X 150,,KGS,0,0,0,1,0,,
465,MAHINDRA,VCI BAG YELLOW PRINTED,4 X 7,VCIBAG01,KGS,0,0,0,1,0,,
466,MAHINDRA,VCI BAG YELLOW PRINTED,3 X 6 75 MIC,VCIBAG01,KGS,803,483.6,319.4,1,319.4,134.3,
467,MAHINDRA,VCI BAG YELLOW PRINTED,3 X 15 75 MIC,,KGS,51.8,,51.8,1,51.8,,
468,MAHINDRA,VCI BAG YELLOW PRINTED,5 X 8,VCIBAG01,KGS,96.2,96.2,0,1,0,,
469,MAHINDRA,VCI BAG YELLOW PRINTED,3 X 32 75 MIC,,KGS,29.1,,29.1,1,29.1,,
470,MAHINDRA,VCI BAG,125 X 150,MTBLVCIBAG11,KGS,346.9,346.9,0,1,0,,
471,MAHINDRA,VCI YELLOW,30 X 32  300,,KGS,0,0,0,1,0,,
472,MAHINDRA,VCI YELLOW,5 X 9 300,,KGS,338.4,338.4,0,,0,,
473,MAHINDRA,VCI YELLOW,4 X 8 300,,KGS,190.5,142.8,47.7,,,,
474,MAHINDRA,VCI YELLOW,15 X 27,,KGS,110.8,110.8,0,,,,
475,MALTI,VCI BAG YELLOW,14 X 16 75 MIC,,PCS,1240,1240,0,0.0164,0,,
476,MALTI,VCI BAG YELLOW,16 X 20 75 MIC,,PCS,10780,5625,5155,0.031,159.805,,
477,MANISH AUTO,VCI BLUE PLAIN,900 X 1200 75 MIC,,PCS,0,0,0,0.076914,0,,
478,MARELI,LD BAG,220 X 260 X 480,,KGS,1572.36,1524.36,48,1,48,,
479,MARELI,LD BAG NATURAL PRINTED,320 X 550 X 480,46_ASY01_PW_002870,KGS,4554.04,4199.44,354.6,1,354.6,,
480,MARELI,LD BAG NATURAL PRINTED,320 X 350 X 480,46_ASY01_PW_002871,KGS,2229.64,1527,702.64,,0,,
,MARELI,LD NAT PRINT,400 X 400 X 480,,PCS,15695,,15695,,,,
481,MARELI,LD GREEN,270 X 360 X 480,,PCS,19275,18625,650,,,,
482,MARELI,LD GREEN,160 X 350 X 480,,PCS,3670,3670,0,,,,
483,MARUTI,VCI BAG,700 X 1400,,PCS,1000,,1000,0.0116,11.6,,
484,MARUTI,VCI BAG,700 X 700,,PCS,1850,,1850,0.0058,10.73,,
485,MARUTI,LD sheet,1400 X 1400,,PCS,3500,,3500,0.0232,81.2,,
486,MARUTI,LD BAG,450 X 600 52 MIC,,PCS,770,,770,1,770,,
487,MARUTI,LD BAG,180 X 300 52 MIC,,KGS,68.8,68.8,0,1,0,,
488,MARUTI,LD BAG,180 X 300 52 MIC,M725101A100,PCS,21500,0,21500,0.00528,113.52,,
489,MARUTI,VCI BAG,130 X 180 80 MIC,M72510009Q3,PCS,33085,,33085,0.003842,127.11257,,
490,MARUTI,VCI BAG,300 X 350 80 MIC,M72510009R3,PCS,19550,,19550,0.0021,41.055,,
491,MARUTI,VCI BAG,150 X 200 80 MIC,M72510009P3,PCS,34320,5000,29320,0.005263,154.31116,,
492,MARUTI,VCI SHEET,510 X 510 X 320,,PCS,13500,13500,0,0.020023,0,,
493,MITA,VCI BAG,34 X 45,,PCS,6340,3800,2540,0.0148,37.592,ok,
493,MITA,LD BAG,10 X 12,,PCS,2270,,2270,,,,
493,MITA,LD BAG,7 X 10,,PCS,5000,5000,0,,,,
493,MINDA,LD ROLL,380 X 225,,KGS,1095,1095,0,,,,
493,MINDA,LD ROLL,380 X 215,,KGS,542,542,0,,,,
493,MINDA,LD ROLL,180 X 180,,KGS,587.9,587.9,0,,,,
493,MINDA,LD ROLL,200 x 150,,KGS,1085.3,1085.3,0,,,,
494,MOTHERSON,LD BAG,9.5 X 27 X 204,,KGS,0,0,0,1,0,,
495,MOTHERSON,"LD NAT",5 x 27 204,,KGS,0,0,0,1,0,,
,MOTHERSON,LD PRINT,8 X 18 X 208,,KGS,58.4,58.4,0,,,,
,MOTHERSON,LD PRINT,8 X 21 X 208,,KGS,58,58,0,,,,
496,MOTIF,VCI BAG YELLOW,16 X 18 55 MIC,,PCS,0,0,0,0.0202,0,ok,
497,MOTIF,VCI BAG YELLOW,22 X 24 55 MIC,,PCS,0,0,0,0.037,0,ok,
498,MOTIF,VCI BAG YELLOW,6 X 8 55 MIC,,PCS,53600,53600,0,0.00345,0,ok,
499,MOTIF,VCI BAG YELLOW,8 X 9 55 MIC,,PCS,103050,103050,0,0.00511,0,ok,
500,MITSUBISHI,BUTTON,,,PCS,10000,10000,0,,,,
501,NBC,LAMINATE ROLL, 100 mm,466.193,KGS,38,38,0,1,0,ok,
502,NBC,LAMINATE ROLL,160mm,4632739,KGS,417.3,417.3,0,1,0,,
503,NBC,LAMINATE ROLL,120mm,4639406,KGS,498.2,498.2,0,1,0,,
504,NBC,LAMINATE ROLL,240mm,4637407,KGS,451.1,451.1,0,1,0,,
505,NBC,LAMINATE ROLL,330mm,4640169,KGS,331.6,331.6,0,1,0,,
506,NBC,LAMINATE ROLL,220mm,4637406,KGS,530.4,530.4,0,1,0,,
507,NBC,LAMINATE ROLL,270mm,4640167,KGS,420.3,420.3,0,1,0,,
508,NBC,LAMINATE ROLL,300mm,,KGS,0,0,0,1,0,,
509,NBC,LAMINATE ROLL,200mm,4632742,KGS,459.2,459.2,0,1,0,,
510,NBC,LAMINATE ROLL,180mm,4632740,KGS,514.6,514.6,0,1,0,,
511,NBC,LAMINATE ROLL,140mm,,KGS,524.1,524.1,0,1,0,,
512,NBC,LAMINATE ROLL,360mm,4640170,KGS,388.5,388.5,0,1,0,,
513,NBC,VCI BAG,12 X 12 75 MIC,,PCS,185.1,185.1,0,0.01309,0,,
514,NBC,LAMINATED Pouch,210 X 210,,KGS,120,120,0,1,0,,
515,NBC,LAMINATED Pouch,180 X 180,,KGS,91.2,91.2,0,1,0,,
516,NBC,Pouch,250 X 250,,PCS,19850,19850,0,0.00881,0,,
,NBC,VCI BLUE PRINTED   ,360 X 135 X 135 X 420 X 320 ,,KGS,607.2,607.2,0,,,,
517,NBC,L.D.PRINTED BAG,360 X 135 X 135 X 410 MM,,KGS,2696.1,2696.1,0,1,0,,
518,NBC,L.D.PRINTED BAG,360 X 135 X 135 X 400 MM,4667211,KGS,7027.4,7027.4,0,1,0,,
519,NBC,L.D.PRINTED SHEET,250 X 250 MM,4679555,KGS,0,0,0,1,0,,
520,NBC,L.D.PRINTED,150 X 150 MM (50MIC.),4679551,KGS,0,0,0,1,0,,
521,NBC,L.D.PRINTED,180 X 180 MM,4679552,KGS,173.9,0,173.9,1,173.9,,
522,NBC,L.D.PRINTED,230 X 230 130 MIC,,KGS,293.7,293.7,0,1,0,,
523,NBC,L.D.PRINTED SHEET,200 X 200 MM 50 MIC,4679553,KGS,206,206,0,1,0,,
524,NBC,L.D.PRINTED,200 X 200 MM 130 MIC,4667693,KGS,677.6,677.6,0,1,0,,
525,NBC,L.D.PRINTED BAG,1000 X 5000,4665836,KGS,0,0,0,1,0,,
526,NBC,L.D.PRINTED,1220 X 1220,4640380/4682256,KGS,0,0,0,1,0,,
527,NBC,L.D.PRINTED,260 X 260 MM 130 MIC,4668263,KGS,299,299,0,1,0,,
528,NBC,L.D.PRINTED,150 X 150 (130MIC.),4667692,KGS,488.1,488.1,0,1,0,,
529,NBC,H.M. PRINTED,215 X 215 MM,4667206,KGS,0,0,0,1,0,,
530,NBC,H.M. PRINTED,260 X 260 MM,4667207,KGS,1246.8,1246.8,0,1,0,,
531,NBC,H.M. PRINTED,280 X 280 MM 52 MIC,4667224,KGS,208.1,208.1,0,1,0,,
532,NBC,H.M. PRINTED,350 X 350 MM,4667226,KGS,197.9,197.9,0,1,0,,
533,NBC,H.M. PRINTED,300 X 300 X 208,4667225,KGS,296.6,296.6,0,1,0,,
534,NBC,H.M. PRINTED,380 X 380 52 MIC,4667227,KGS,220.5,220.5,0,1,0,,
535,NBC,H.M. PRINTED BLUE,300 X 300,4667230,KGS,45.4,45.4,0,1,0,,
536,NBC,LD PRINTED BLUE,200 X 200,,KGS,331.3,331.3,0,1,0,,
537,NBC,H.M. PRINTED  BAG,125 X 125 50 MIC,4665871,KGS,8.3,8.3,0,1,0,,
538,NBC,H.M. PRINTED  BAG,90 X 200,4665870,KGS,0,0,0,1,0,,
539,NBC,H.M. PRINTED BLUE,230 X 230,4668737,KGS,193,193,0,1,0,,
540,NBC,HM NATURAL PLAIN,16 X 22 X 205,,PCS,45400,45400,0,0.0225,0,,
541,NBC,H.M. PRINTED,230 X 230 X 208,4667208,KGS,194,194,0,1,0,,
542,NBC,LD BAG,445 X 165 X 165 X 635 ,4669173,KGS,397.7,397.7,0,1,0,,
543,NBC,H.M. PRINTED,420 X 60 X 60 X 650,4668811,KGS,0,0,0,1,0,,
544,NBC,LD BAG,850 X 1050,4657456/4682255,KGS,0,0,0,1,0,,
545,NBC,H.M. PRINTED,600 X 600 X 200,4667229,KGS,0,0,0,1,0,,
546,NBC,H.M. PRINTED,230 X 50 X 50 X 450,4669183,KGS,0,0,0,1,0,,
547,NBC,LAMINATE POUCH,300 X 310,,PCS,0,0,0,0.011,0,,
548,NBC,LAMINATE POUCH,350 X 360,,PCS,0,0,0,0.015,0,,
549,NBC,H.M. PRINTED,320 X 60 X 60 X 600,4669181,KGS,383.5,383.5,0,1,0,,
550,NBC,H.M. PRINTED,450 X 450 52 MIC,4667228,KGS,135.9,135.9,0,1,0,,
551,NBC,LD BAG,915 X 915,4602924/4682254,KGS,0,0,0,1,0,,
552,NBC,LD sheet,100 x 100,4670650,KGS,264.8,264.8,0,1,0,,
553,NBC,VCI BLUE SHEET,200 X 300 60 MIC,,KGS,294.4,294.4,0,1,0,,
554,NBC,VCI BLUE PRINT SHEET,16 X 16 75 MIC,,PCS,36640,36640,0,0.0116,0,,
555,NBC,L.D. PRINTED,229 X 840,4665835/4682252,KGS,0,0,0,1,0,,
556,NBC,VCI BLUE SHEET,24 X 24 75 MIC,,PCS,25730,25730,0,0.0267,0,,
557,NBC,VCI BLUE PRINTED   ,100 X 150 80 MIC,,PCS,10000,10000,0,0.0026,0,,
558,NBC,VCI BAG,25 X 35 75 MIC,,KGS,1738.1,1738.1,0,1,0,,
559,NBC,VCI BLUE SHEET ROLL,44 X 75,,KGS,1095,1095,0,,,,
560,NBC,VCI BLUE,8 X 8,,KGS,24.4,24.4,0,,,,
,NBC,LAMINATED FOIL Pouch,130 X 270,,PCS,29120,29120,0,,,,
,NBC,LAMINATED FOIL Pouch,90 X 160,,PCS,46215,46215,0,,,,
,NBC,LAMINATED FOIL Pouch,60 X 150,,PCS,54100,54100,0,,,,
561,ONASSIS AUTO,VCI BAG YELLOW,70 X 800,,PCS,6250,,6250,,,,
562,ONASSIS AUTO,VCI BAG YELLOW,800 X 280 X 480,,PCS,10800,,10800,,,,
563,ONASSIS AUTO,VCI BAG YELLOW,5 X 8 X 300,,PCS,33450,33450,0,,,,
564,ONASSIS AUTO,VCI BAG YELLOW,4.5 X 12 X 400,,PCS,10720,3000,7720,,,,
565,PADMINI,VCI BAG,8 X 8 X 320,,PCS,104650,99950,4700,0.001,4.7,ok,
566,PAL,VCI BAG,8 X 16 75 MIC,,PCS,58525,55630,2895,0.012037,34.847115,ok,
567,PLRSY,VCI BAG,100 X 250,,PCS,26.7,26.7,0,0.003,0,ok,
568,PLRSY,VCI BAG,155 X 165,,PCS,3000,3000,0,0.003,0,ok,
569,PORTH,HM PRINTED,6 X 22,,KGS,105,105,0,1,0,,
570,PORTH,HM PRINTED,6 X 10,,KGS,30.8,30.8,0,1,0,,
571,PORTH,HM PRINTED,10 X 19,,KGS,67.9,67.9,0,1,0,,
572,POSLIP,HM PRINTED,9.5 X 12,,KGS,67.6,67.6,0,1,0,,
573,POSLIP,HM PRINTED,9.5 X 30,,KGS,38,38,0,1,0,,
574,POSLIP,HM PRINTED,16 X 16,4647294,KGS,66.5,66.5,0,1,0,,
575,POSLIP,HM PRINTED,14 X 24,,KGS,145.5,145.5,0,1,0,,
576,POSLIP,HM PRINTED,7 X 9,,KGS,38.3,38.3,0,1,0,,
577,POSLIP,HM PRINTED,10 X 26,,KGS,66.7,66.7,0,1,0,,
578,POSLIP,HM PRINTED,16 X 18,,KGS,60.5,60.5,0,1,0,,
579,POSLIP,HM PRINTED,14 X 17,,KGS,110.9,110.9,0,1,0,,
580,POSLIP,HM PRINTED,9 X 18,,KGS,67,67,0,1,0,,
581,POSLIP,HM NATURAL PLAIN,10 X 17,,KGS,38.5,38.5,0,1,0,,
582,PREMIER ,LD BAG,20 X 18 X 100 MIC,40010607,KGS,10941,5000,5941,1,5941,ok,
583,RAICAM,VCI BAG,300 X 300,,KGS,35.4,35.4,0,1,0,,
584,RAICAM,VCI BAG,400 X 430 120 MIC,,KGS,677.56,677.56,0,1,0,ok,
585,RAICAM,VCI BAG,450 X 450,,KGS,92.1,,92.1,1,92.1,,
586,RAICAM,VCI NATURAL,10 X 16,,PCS,2270,2270,0,0.024,0,,
587,RAICAM,LD BAG,10 X 16 X 480,,KGS,691.14,691.14,0,1,0,ok,
588,RAICAM,VCI NAT PLAIN,350 X 350 480,,KGS,158.74,158.74,0,1,0,,
589,RAICAM,LD BAG,6 X 10 120,,KGS,1339.72,1320.72,19,,,,
590,RAICAM,VCI NAT PRINT,17 X 5 X 5 X 26 X 480,,KGS,104.6,,104.6,,,,
591,REVENT,VCI BAG,7 X 15 X 300,PKZZVCI000000010,PCS,69800,40050,29750,0.01021,303.7475,ok,
592,REVENT,VCI BAG,4 x 9 X 300,PKZZVCI000000011,PCS,450500,398650,51850,0.003461,179.45285,ok,
593,REVENT,VCI BLUE PRINT,6 x 12 X 300,PKZZVCI000000009,PCS,58575,31025,27550,0.001,27.55,ok,
594,REVENT,VCI BLUE PRINT,6 X 13 X 300,,PCS,42310,22000,20310,,,,
594,REVENT,VCI BAG ,130 X 450,,PCS,6000,6000,0,0.0008,0,ok,
595,REVENT,LD BAG,145 X 325,4645 pcs. dump,PCS,4645,,4645,0.006,27.87,,
596,REVENT,VCI BLUE PRINT BAG,14 X 16 X 220,PKZZVCI0000007,PCS,142210,142200,10,0.015,0.15,ok,
597,RICO,VCI BAG,600 X ( 2 X 200 ) X 600,PM000101,PCS,1200,1200,0,0.018,0,ok,
598,RICO,VCI BAG,180 X 200 80 MIC,PM000005,PCS,111210,111210,0,0.0005,0,ok,
599,RICO,VCI BAG,390 X 165 X 165 X 550,,PCS,4400,,4400,0.0066,29.04,ok,
600,RICO,VCI BAG,300 X 170,PM000144,PCS,7572,,7572,0.0007,5.3004,ok,
601,RICO,VCI BAG,140 X 120 80 MIC,PM000074,PCS,48200,25000,23200,0.002,46.4,ok,
602,RICO,VCI BAG,260 X 430 X 80 MIC,PM000052,PCS,35385,7000,28385,0.017874,507.35349,ok,
603,RICO,VCI BAG BLUE PRINTED,440 X 165 X 165 X 520,PM000009,PCS,7390,2100,5290,0.01,52.9,ok,
604,RICO,VCI BAG BLUE PRINTED,285 X 385 X 320,PM000008,PCS,12000,6600,5400,0.001649,8.9046,,
605,ROLON,LD BAG,7 X 7.5,dump,PCS,60000,,60000,0.001,60,,
606,ROOP,VCI BAG,480 X 520 X 100,PI07000016,PCS,15765,9572,6193,0.0037,22.9141,ok,
607,ROOP,VCI BAG,1120 x 720 x 1400,,PCS,50,,50,,,,
608,ROOP,BLUE PLAIN,340 X 430 X 400,,KGS,321.68,321.68,0,,,,
609,SATYAM,VCI BLUE PRINT BAG,8 X 10 X 240,,PCS,225270,175505,49765,0.00613,305.05945,,
610,SETCO,TML,16 X 18 75 MIC,,PCS,69765,57415,12350,0.027367,337.98245,,
,SETCO,TML,14 X 16 X 300,,PCS,17965,7500,10465,,,,
611,SETCO,VCI BAG,16 X 18 X 75,P-PB-00000SAVCL006-00,PCS,25612,14700,10912,0.004,43.648,ok,
612,SETCO,VCI BAG,12 X 12 75 MIC,P-PB-00000SAVCL003-00,PCS,59220,37250,21970,0.013,0,ok,
613,SETCO,VCI BAG,24 X 26 X 80,P-PB-00000SAVCL013-00,PCS,32716,27083,5633,0.062,349.246,ok,
614,SETCO,VCI BAG,14 X 16 X 75,P-PB-00000SAVCL005-00,PCS,34830,18000,16830,0.021,353.43,ok,
615,SETCO,VCI BAG,20 X 20 75 MIC,P-PB-00000SAVCL008-00,PCS,79670,72200,7470,0.036,268.92,ok,
616,SETCO,VCI BAG,6 X 8 X 300,P-PB-00000SAVCL001-00,PCS,28655,15200,13455,0.001,13.455,ok,
617,SETCO,VCI BAG,430 X 180 X 180 X 720,,PCS,15087,10840,4247,,0,,
618,SHIVALIK,VCI BAG,11 X 11 120 MIC,,KGS,1026.15,1000.75,25.4,1,25.4,ok,
619,SHIVALIK,VCI BAG,14 X 14 120 MIC,,KGS,0,0,0,1,0,ok,
620,SHIVALIK,VCI BAG,7 X 11 120 MIC,,KGS,50.1,50.1,0,1,0,,
621,SHREE GANESH,VCI BAG,8.75 X 11,DUMP,PCS,1234,1234,0,0.01,0,ok,
622,SHRESTY,VCI BAG,12 X 15,,PCS,0,0,0,,0,,
623,SIGMA,LD BAG,4 X 5 50 MIC,,PCS,88000,88000,0,0.004,0,ok,
624,SIGMA,LD BAG,6 X 8 60 MIC,,PCS,382550,375150,7400,0.006,44.4,ok,
625,SIGMA,LD NAT AB,6 X 8,,PCS,32000,8000,24000,,,,
625,SIGMA,VCI BAG,9 X 12 X 600,,PCS,9500,9500,0,0.002,0,ok,
626,SMITH,VCI BAG BLUE ,4 X 6 80 MIC,,PCS,53000,53000,0,0.003,0,ok,
627,SMITH,VCI BAG,6 X 8 75 MIC,DUMP,PCS,1686,,1686,0.0044,7.4184,ok,
628,SMITH,VCI BAG,21 X 18,,KGS,391.7,391.7,0,1,0,,
629,SMITH,VCI BLUE BAG,21 X 18 75 MIC,,PCS,13960,13960,0,0.05,0,,
630,SMITH,VCI BLUE PLAIN,2 X 10 75 MIC,,PCS,0,0,0,0.002,0,,
631,SOCOMAC,LD BAG,170 X 180 100 MIC,9901111,PCS,25000,,25000,0.004,100,ok,
633,SOCOMAC,LD BAG,120 X 450,,PCS,5621,,5621,0.008,44.968,ok,
,SOCOMAC,LD BAG,100 x 100 x 400,,PCS,10000,,10000,,,,
634,SOCOMAC,LD BAG,100 X 250,,PCS,11000,,11000,0.00076,8.36,ok,
635,SOCOMAC,LD BAG,280 X 450,,KGS,26,,26,1,26,ok,
636,SOCOMAC,LD BAG,150 X 200 100 MIC,,PCS,15600,,15600,0.004,62.4,ok,
637,SOCOMAC,LD BAG,600 X 700 100 MIC,9901120,PCS,5100,,5100,0.0078,39.78,ok,
638,SOCOMAC,LD BAG,210 X 350 100,,PCS,2400,,2400,0.013,31.2,ok,
639,SOCOMAC,LD BAG,250 x 350,,PCS,9540,,9540,0.008065,76.9401,,
640,SOCOMAC,LD BAG,170 X 250 100 MIC,,KGS,90,,90,1,90,,
641,SOCOMAC,LD BAG,120 X 600 100 MIC,,KGS,32.5,5,27.5,1,27.5,,
642,SOCOMAC,LD BAG,1087 X 250 X 250 X 1000,,PCS,45,,45,,0,,
643,SOCOMAC,LD BAG,1000 x 250 x 250 x 1080,,PCS,20,,20,,,,
644,SOCOMAC,LD BAG,1000 x 300 x 300 x 300,,PCS,50,50,0,,,,
645,SOCOMAC,LD BAG,250 X 450 100 MIC,9901117,PCS,4600,,4600,,0,ok,
646,SOCOMAC,LD BAG,100 X 270,,PCS,3278,,3278,0.005,16.39,ok,
647,SOCOMAC,VCI BLUE BAG,800 X 1000 100 MIC,,PCS,1400,0,1400,0.155,217,ok,
648,SOCOMAC,LD BAG,450 X 600 X 52,999319,PCS,480,,480,0.008,3.84,ok,
649,SOCOMAC,LD BAG,255 x 255 300,,KGS,347.7,,347.7,,,,
650,SRIRAM,VCI BAG,5.5 X 6.5 X 75,,PCS,18000,18000,0,0.001,0,,
651,SRIRAM,VCI BAG,4.5 X 6 X 75,,PCS,122525,98525,24000,0.004,96,ok,
652,SRIRAM,PINK ANTISTATICS,28 X 7 X 7 X 28 X 400,,PCS,11866.6,4356.6,7510,0.018,135.18,ok,
653,STORK RUBBER,VCI BAG,18 X 8 X 13,75 MIC,PCS,0,0,0,0.016,0,ok,
654,SUKHLAL,VCI BAG,3 X 4 100 MIC,,KGS,0,0,0,1,0,ok,
655,SUKHLAL,VCI BAG,4 X 12 100 MIC,,KGS,0,0,0,1,0,ok,
656,SUKHLAL,VCI BAG,12 X 16 100 MIC,,KGS,0,0,0,1,0,ok,
657,SUKHLAL,VCI BAG,2 X 3.5 100 MIC,,KGS,0,0,0,1,0,ok,
658,SUKHLAL,VCI BAG,8 X 12 100 MIC,,KGS,0,0,0,1,0,ok,
659,SUKHLAL,VCI BAG,12 X 17,DUMP,KGS,395,,395,1,395,,
660,SUNBEAM,VCI BAG,580 X 430 87.5 MIC,,PCS,81170,48430,32740,0.0039,127.686,ok,
661,SUNBEAM,VCI BAG,40 X 27 52 MIC,,PCS,0,0,0,0.015,0,,
662,SUNBEAM,VCI BAG,210 X 310 X 300,C15004024100,PCS,50445,50445,0,0.0096,0,ok,
663,SUNBEAM,LD PINK ANTISTATIC,210 X 310 75 MIC,C15004024100,PCS,52080,21000,31080,0.0096,298.368,ok,
664,SUNBEAM,LD PINK ANTISTATIC,150 X 280 75 MIC,C15004024000,PCS,39800,21800,18000,0.00625,112.5,ok,
665,SUNBEAM,VCI BAG,150 X 280 X 300,,PCS,38100,33100,5000,0.00592,29.6,ok,
666,SUPRAJIT,LD BAG,300 X 500 X 300,,PCS,53785,42690,11095,0.0023,25.5185,ok,
667,SUPRAJIT,LD BAG,300 X 385 X 300,DUMP,PCS,33060,31485,1575,0.0018,2.835,ok,
668,SWARAJ,LAMINATED POUCH,130 X 375,,KGS,156.9,156.9,0,1,0,,
669,SWARAJ,LAMINATED POUCH,90 X 130,,KGS,766.8,766.8,0,1,0,,
670,SWARAJ,LAMINATED POUCH,110 X 110,,KGS,909.2,648.5,260.7,1,260.7,,
,SWARAJ,LAMINATED POUCH,110 x 170,,KGS,225,225,0,,,,
,SWARAJ,LAMINATED POUCH,120 x 295,,KGS,346,346,0,,,,
,SWARAJ,LAMINATED POUCH,200 x 500,,KGS,150.7,150.7,0,,,,
,SWARAJ,LAMINATED POUCH,260 x 390,,KGS,128.1,128.1,0,,,,
671,SWARAJ,LAMINATED POUCH,260 X 270,,KGS,169.1,169.1,0,1,0,,
,SWARAJ,LAMINATED POUCH,220 x 235,,KGS,172.4,172.4,0,,,,
,SWARAJ,LAMINATED POUCH,160 x 210,,KGS,175.6,175.6,0,,,,
672,SWARAJ,LAMINATED POUCH,190 X 210,,KGS,204.4,204.4,0,1,0,,
673,SWARAJ,LAMINATED POUCH,360 X 370,,KGS,440.9,440.9,0,1,0,,
,SWARAJ,LAMINATED POUCH,375 X 375,,KGS,207.2,207.2,0,,,,
674,SWARAJ,SWARAJ LAMINATED ROLLS,117 MM,,KGS,123,123,0,1,0,,
675,SWARAJ,SWARAJ LAMINATED ROLLS,198 MM,,KGS,226.4,226.4,0,1,0,,
676,SWARAJ,SWARAJ LAMINATED ROLLS,200 MM,,KGS,420.2,,420.2,1,420.2,,
,SWARAJ,SWARAJ LAMINATED ROLLS,250 mm,,KGS,265.8,,265.8,,,,
677,SWARAJ,VCI NAT,190 X 200 X 400,,KGS,390.7,390.7,0,1,0,,
678,SWARAJ,VCI NAT,160 X 210 X 400,,KGS,422.6,422.6,0,1,0,,
,SWARAJ,VCI NAT,140 X 160 X 400,,KGS,730.6,730.6,0,,,,
,SWARAJ,VCI NAT,180 X 260 X 300,,KGS,345.7,345.7,0,,,,
,SWARAJ,VCI NAT,110 X 170 X 400,,KGS,664.5,664.5,0,,,,
679,TALBROS,LD BAG,18 X 18,,KGS,0,0,0,1,0,ok,
680,TALBROS,VCI BAG,150 X 150 X 320,773900000aA,PCS,333900,333900,0,0.003,0,ok,
,TALBROS,VCI NAT.PRINT BAG,150 X 150 X 480,,PCS,150740,150740,0,,,,
681,TALBROS,LD BAG,5 X 14 X 480,,PCS,4640,0,4640,,0,ok,
682,TALBROS,LD BAG,4.5 X 14 X 400,,PCS,50750,22900,27850,0.001,27.85,,
683,TALBROS,VCI BAG,5.5 X 20 X 480,7747000000A,PCS,26075,3600,22475,0.0017,38.2075,ok,
684,TALBROS,VCI BAG,44 X 39 400,,PCS,4500,0,4500,0.0271,121.95,ok,
685,TALBROS,VCI BAG,100 X 100,,PCS,0,0,0,0.00578,0,,
686,TALBROS,VCI BAG,740 X 1200 X 320,7725000000A,PCS,14890,13448,1442,0.137924,198.886408,,
687,TALBROS,VCI BAG,1.5 X 45 x 300,,PCS,73510,62501,11009,0.011,121.099,,
688,TALBROS,VCI SHEET,46 X 46 480,7723000000X,PCS,14462,14462,0,0.0334,0,ok,
689,TALBROS,VCI BAG,5 X 14 X 300,,PCS,24550,19900,4650,0.009,41.85,ok,
690,TALBROS,VCI YELLOW SHEET,4 X 6 X 480,,PCS,13000,,13000,0.025358,329.654,,
691,TALBROS,VCI YELLOW SHEET,340 X 280 X 480,,PCS,59140,59140,0,0.010908,0,,
692,TALBROS,VCI YELLOW SHEET,470 X 270 X 480,,PCS,58705,58705,0,0.01481,0,,
693,TALBROS,VCI YELLOW SHEET,410 X 170 X 480,,PCS,44080,42900,1180,0.01481,17.4758,,
,TALBROS,VCI BLUE PLAIN,80 X 585 X 400,,KGS,552.9,363.6,189.3,,,,
,TALBROS,VCI YELLOW PRINT,4.5 X 12 X 480,,PCS,20290,,20290,,,,
694,TEXA,HM PRINTED,9 X 125,,KGS,0,0,0,1,0,,
695,TOYOTA,LD BAG,10 X 11.5,DUMP,PCS,3200,,3200,0.018,57.6,ok,
696,UNITECH,VCI BLUE BAG,22 X 40 X 300,,KGS,696.7,605.7,91,1,91,ok,
697,UNITECH,VCI BAG,8 X 50,,PCS,1921,,1921,0.0063,12.1023,ok,
698,UNITECH,VCI BAG,8 X 1000 X 300,,KGS,0,0,0,1,0,,
699,UNITECH,VCI BAG,22 X 20 X 300,,KGS,402.2,366.4,35.8,1,35.8,ok,
700,UNITECH,VCI BAG,8 X 10 300,,PCS,14680,,14680,0.0013,19.084,ok,
701,UNITECH,VCI BAG,16 X 32,,KGS,200.7,200.7,0,1,0,ok,
702,UNITECH,VCI BAG,6 X 8 x 300,,PCS,22450,,22450,0.008,179.6,ok,
703,UNITECH,VCI BAG,12 X 20 75 MIC,,KGS,92.7,,92.7,1,92.7,ok,
704,UNITECH,VCI BAG,6 X 10 300,,PCS,45500,,45500,0.006182,281.281,ok,
705,UNITECH,VCI BAG,9 X 12 300,,PCS,5200,,5200,0.010174,52.9048,ok,
706,UNITECH,VCI BAG,4 X 38 ,,PCS,1143,,1143,0.02764,31.59252,ok,
707,UNITECH,VCI BAG,8 X 1650,,KGS,28.8,,28.8,1,28.8,ok,
708,UNITECH,VCI BLUE BAG,20 X 27 X 300,,PCS,20445,4130,16315,1,16315,,
709,UNITECH,VCI BAG,22 X 32 X 300,,KGS,313,313,0,1,0,,
710,UNITECH,VCI BAG,15 X 1330,,KGS,746.9,746.9,0,1,0,ok,
711,UNITECH,VCI BAG,16 X 1850,,KGS,453,453,0,1,0,ok,
712,UNITECH,VCI BLUE BAG,22 X 46 X 300,,KGS,965.1,901,64.1,1,64.1,ok,
713,UNITECH,VCI BAG ,8 X 22,,KGS,33.3,,33.3,1,33.3,,
714,UNITECH,VCI BAG YELLOW PRINTED ,310 X 690  100,,PCS,0,0,0,0.04019,0,,
715,UNITECH,VCI YELLOW PRINTED,275 X 450  100,,PCS,0,0,0,0.02325,0,,
716,UNITECH,VCI BAG,33 X 8 X 8 X 35,,KGS,2966,2725.6,240.4,1,240.4,ok,
717,UNITECH,VCI BAG,22 X 27 75 MIC,,KGS,929.7,775.5,154.2,1,154.2,,
718,UNITECH,VCI BLUE PRINTED   ,22 X 24 X 300,,KGS,393.5,393.5,0,1,0,ok,
719,UNITECH,VCI BAG,6 X 26 X 400,,PCS,1450,1000,450,,0,,
720,UNITECH,VCI BAG,4 X 24 X 400,,PCS,2400,1950,450,,0,,
721,UNITECH,VCI BAG,5 X 26 X 480,,PCS,565,0,565,,0,,
722,UNITECH,VCI BAG,3 X 20,,PCS,6347,,6347,,0,,
723,UNITECH,VCI BLUE PRINT,240 X 240 75 MIC,,PCS,18800,15000,3800,0.00886,33.668,,
724,UNITECH,"VCI BLUE PRINT",18 X 6 X 6 X 24 300,,KGS,492.7,260.2,232.5,1,232.5,,
725,NEW LIGHT,NATURAL NYLON SIDE SEAL POUCH,745 X 165 X 165,,KGS,1145,1145,0,,,,
726,VALVOCLUTCH,LD BAG,4 X 6 52 MIC,,PCS,145900,145300,600,0.004,2.4,,
727,VALVOCLUTCH,VCI BAG,280 X 280 75 MIC,,PCS,17495,,17495,0.0012,20.994,ok,
728,VALVOCLUTCH,LD BAG,6 X 9 X 52 MIC,,KGS,110,110,0,1,0,,
729,VE COMMERCIAL,LD EICHER BAG,5 X 6,PP0010,PCS,164240,158626,5614,0.005,28.07,ok,
730,VE COMMERCIAL,LD EICHER BAG,7 X 9,PP0008,PCS,60000,33793,26207,0.01,262.07,ok,
731,VE COMMERCIAL,LD EICHER BAG,5 X 45,PP0007,PCS,35000,25579,9421,0.0036,33.9156,ok,
732,VE COMMERCIAL,LD EICHER BAG,13 X 22,PP0014,PCS,21560,15874,5686,0.0045,25.587,ok,
733,VE COMMERCIAL,LD EICHER BAG,10 X 22,PP0013,PCS,28200,10000,18200,0.0035,63.7,ok,
734,VE COMMERCIAL,LD EICHER BAG,16 X 20,PP0002,PCS,222000,18058,203942,0.00051,104.01042,ok,
735,VE COMMERCIAL,LD EICHER BAG,11 X 13,PP0001,PCS,370400,350400,20000,0.00173,34.6,ok,
736,VE COMMERCIAL,LD EICHER BAG,10 X 16,PP0012,PCS,33639,31019,2620,0.025,65.5,ok,
737,VE COMMERCIAL,LD EICHER BAG,13 X 16,PP0011,PCS,46055,29365,16690,0.0033,55.077,ok,
738,VE COMMERCIAL,LD EICHER BAG,5 X 22,PP0005,PCS,61600,54258,7342,0.00133,9.76486,ok,
739,VE COMMERCIAL,LD EICHER BAG,5 X 32,PP0004,PCS,32100,24000,8100,0.0025,20.25,ok,
740,VE COMMERCIAL,LD EICHER BAG,8 X 13,PP0009,PCS,133350,128589,4761,0.0016,7.6176,ok,
741,VE COMMERCIAL,LD EICHER BAG,7 X 26,PP0006,PCS,86300,75316,10984,0.0029,31.8536,,
788,VE COMMERCIAL,LD BAG hm,16 X 22,PP0039,PCS,13950,5000,8950,0.005,44.75,,
742,VE COMMERCIAL,LD UD EICHER BAG,7 X 26,PP0006,PCS,16500,2105,14395,0.0029,41.7455,,
743,VE COMMERCIAL,LD UD EICHER BAG,5 X 45,PP0007,PCS,12000,526,11474,0.0036,41.3064,,
744,VE COMMERCIAL,LD UD EICHER BAG,7 X 9,PP0008,PCS,77500,15842,61658,0.001,61.658,,
745,VE COMMERCIAL,LD UD EICHER BAG,5 X 22,PP0005,PCS,13000,1053,11947,0.0017,20.3099,,
746,VE COMMERCIAL,LD BAG PLAIN ( POLY BAG ),5 X 6 60 MIC,PB0007,KGS,0,0,0,1,0,,
747,VE COMMERCIAL,LD BAG PLAIN ( POLY BAG ),7 X 9 60 MIC,PB0008,KGS,268.9,268.9,0,1,0,,
748,VE COMMERCIAL,LD BAG PLAIN ( POLY BAG ),8 X 13 60 MIC,PB0009,KGS,0,0,0,1,0,,
749,VE COMMERCIAL,LD BAG PLAIN ( POLY BAG ),10 X 16 60 MIC,PB0010,KGS,0,0,0,1,0,,
750,VE COMMERCIAL,LD BAG PLAIN ( POLY BAG ),13 X 22 60 MIC,PB0011,KGS,0,0,0,1,0,,
751,VE COMMERCIAL,PRONT LD ROLL,,PP00404,KGS,548.7,548.7,0,1,0,,
752,VE COMMERCIAL,LD BACK PLAIN ROLL,,PP00404,KGS,544.9,544.9,0,1,0,,
753,VE COMMERCIAL,PRINTED ROLL FRONT,,PP00402,KGS,545,545,0,,,,
754,VE COMMERCIAL,UNPRINTED ROLL BACK,,PP00402,KGS,531,531,0,,,,
755,VE COMMERCIAL,LD ROLL FRONT,,PP0401,KGS,28.8,28.8,0,,,,
756,VE COMMERCIAL,LD BACK ROLL,,PP0401,KGS,283,283,0,,,,
757,VE COMMERCIAL,LD ROLL FRONT,,PP0403,KGS,34.3,34.3,0,,,,
758,VE COMMERCIAL,LD BACK ROLL,,PP0403,KGS,272,272,0,,,,
759,VE COMMERCIAL,EICHER PLAIN,,PP002,KGS,74.5,74.5,0,,,,
760,VE COMMERCIAL,EICHER PLAIN,,PP005,KGS,64.9,64.9,0,,,,
761,VE COMMERCIAL,EICHER PLAIN,,PP001,PCS,22600,22600,0,,,,
762,VE COMMERCIAL,EICHER PLAIN,,PP0013,PCS,986,986,0,,,,
763,VE COMMERCIAL,EICHER PLAIN,,PP0011,PCS,1300,1300,0,,,,
769,VE COMMERCIAL,LD BAG PLAIN ( POLY BAG ),18 X 24 52 MIC,,KGS,29.88,29.88,0,1,0,,
770,VE COMMERCIAL,LD BAG,245 X 610,,PCS,12433,0,12433,0.0023,28.5959,,
771,VE COMMERCIAL,LD BAG,245 X 840,,PCS,6140,4000,2140,0.0032,6.848,,
772,VE COMMERCIAL,VCI BAG,6 X 16 100 MIC,D4416597,PCS,14700,12275,2425,0.0112,27.16,ok,
773,VE COMMERCIAL,VCI BAG BLUE PRINTED,14 X 14 X 540,D4416588,PCS,110011,24200,85811,0.0031,266.0141,,
774,VE COMMERCIAL,VCI BAG,10 X 12 X 360,,PCS,67850,3000,64850,0.0019,123.215,,
775,VE COMMERCIAL,VCI BAG,6 X 22  80 MIC,,PCS,24000,1175,22825,0.0021,47.9325,,
776,VE COMMERCIAL,VCI BAG,14 X 16,,PCS,2000,550,1450,0.0035,5.075,,
777,VE COMMERCIAL,VCI BAG,18 X 24  80 MIC,,PCS,8628,2860,5768,0.0068,39.2224,,
778,VE COMMERCIAL,VCI BAG BLUE,18 X 18 80 MIC,D4416590,PCS,0,,0,0.0365,0,,
779,VE COMMERCIAL,VCI BAG YELLOW  ,18 X 18 ,,PCS,22200,3800,18400,,,,
780,VE COMMERCIAL,VCI BAG,24 X 27,,PCS,0,0,0,0.0102,0,,
781,VE COMMERCIAL,VCI BAG,24 X 24 100 MIC,D4416592,PCS,1565,,1565,0.0091,14.2415,,
782,VE COMMERCIAL,VCI BAG,24 X 28,2370 pcs dump,PCS,2370,0,2370,0.09,213.3,,
783,VE COMMERCIAL,VCI BAG,6 X 7 X 75 MIC,D4416579,PCS,119300,28000,91300,0.004086,373.0518,,
784,VE COMMERCIAL,LD NAT,7 X 9 X 240,D4416600,PCS,5000,,5000,1,5000,,
785,VE COMMERCIAL,VCI BAG,8 X 20 90 MIC,,KGS,0,0,0,1,0,,
786,VE COMMERCIAL,VCI BAG,10 X 24 90 MIC,,PCS,2463,1753,710,0.00276,1.9596,,
787,VE COMMERCIAL,VCI BAG,10 X 24 75 MIC,D4416601,PCS,0,0,0,0.003,0,,
789,VE COMMERCIAL,VCI BAG,9 X 9 X 270,D4416584,PCS,25945,8900,17045,0.009,153.405,,
790,VE COMMERCIAL,VCI BAG,7 X 10 90 MIC,,PCS,20875,1150,19725,0.0154,303.765,,
791,VE COMMERCIAL,VCI BLUE PLAIN,250 X 350 80 MIC,,PCS,0,,0,0.00676,0,,
,VE COMMERCIAL,VCI BLUE PRINT,100 X 400 X 300,,PCS,35290,30000,5290,,,,
792,WIKA,VCI BAG,485 X 670 80 MIC,,PCS,4000,4000,0,0.04532,0,,
793,WIKA,VCI BAG,485 X 550 75 MIC,,PCS,4200,4200,0,0.0372,0,,
794,XPERT,VCI BLUE BAG,11.5 X 14 55 MIC,,PCS,0,0,0,0.01073,0,,
795,,LD BAG,7.5 X 11,4000 pcs. DUMP,PCS,4000,,4000,0.001,4,,
796,,LD BAG WITH ZIP LOCK PRINTED,14 X 17,FOR B-PACK MAT.,PCS,3300,,3300,0.003,9.9,,
797,,LD BAG WITH ZIP LOCK PRINTED,4 X 6,FOR B-PACK MAT.,PCS,51800,51800,0,0.003,0,,
798,,LD BAG WITH ZIP LOCK PRINTED,17 X 18,FOR B-PACK MAT.,PCS,1000,,1000,0.004,4,,
799,,LD BAG WITH ZIP LOCK PRINTED,8 X 18,FOR B-PACK MAT.,PCS,5600,,5600,0.002,11.2,,
800,,LD BAG WITH ZIP LOCK PRINTED,10 X 12,FOR B-PACK MAT.,PCS,3500,,3500,0.002,7,,
801,,LD BAG WITH ZIP LOCK PRINTED,6 X 6,FOR B-PACK MAT.,PCS,5300,,5300,0.01,53,,
,,LD BAG WITH ZIP LOCK PRINTED,4 X 6,FOR B-PACK MAT.,PCS,1300,,1300,,,,
802,,VCI BAG YELLOW PRINTED ,10 X 12,FOR B-PACK MAT.,PCS,7820,7820,0,0.0021,0,,
803,,LD NATURAL PRINTED,51 X 20 X 480,FOR B-PACK MAT.,PCS,3370,3370,0,0.014836,0,,
,NYLON,ZIP LOCK POUCH BAG,14 X 16,,PCS,550,,550,,,,
805,RING PLUS,VCI BLUE PRINT,350 X 170 X 170 X 530,,PCS,169292,66150,103142,,0,,
,SONIA FORGINGS,VCI BAG,5.5 X 7 X 208,,PCS,462125,462125,0,,,,
807,new,LD PRINTED BAG,300 x 480 x 320,,KGS,87,,87,TOTAL,118513.8912,,